CUSTOMERID,FNAME,LNAME,COMPANY
1,Peter,Olson,Herrera Inc
2,Carolyn,Shah,"Zimmerman, Costa and Mcconnell"
3,Regina,Williams,Stevens LLC
4,Amy,Johnson,Lane-Francis
5,Karen,Goodwin,"Stone, Williams and Allen"
6,Gwendolyn,Combs,"Murphy, Gray and Hernandez"
7,Eric,Nguyen,Briggs-Foster
8,Andrea,Townsend,Stevens-Vaughn
9,John,Garcia,"Ellis, Solis and Molina"
10,Michele,Johnson,"Perez, Smith and Cook"
11,Janet,Foley,Johnson Inc
12,Darrell,Howard,Smith-Wright
13,David,Hansen,Cruz-Hawkins
14,Mary,Williams,"Miller, Scott and Gonzalez"
15,Amanda,Suarez,"Howard, Davis and Butler"
16,Jennifer,Cruz,"Villarreal, Charles and Caldwell"
17,Cynthia,Williams,Robertson-Wright
18,Kimberly,Larsen,Cole Group
19,Steven,Young,"Khan, Ford and Price"
20,Lori,Parrish,"Smith, Rogers and Tucker"
21,Brian,Simmons,Wilson-Conrad
22,Michael,Bush,Martinez-Gomez
23,Jenny,Pacheco,Hernandez-Beck
24,John,Bradley,Hayes Ltd
25,Kara,Bell,"Hunt, Morton and Stewart"
26,Aaron,Rowland,"Anderson, Anderson and Flores"
27,Morgan,Taylor,Gilmore Ltd
28,Alan,Hernandez,Williams-Anderson
29,Jesus,Jones,Mcintosh-Nichols
30,Lisa,Perez,"Austin, Valencia and Golden"
31,Amy,Bowman,Hoffman Inc
32,Laura,King,Bryan-James
33,Jonathan,Saunders,Rivera-Nelson
34,Jessica,Roberts,"Edwards, Palmer and Boyd"
35,Ana,Hall,Anthony-Butler
36,Crystal,Lam,"Horne, Richard and Macdonald"
37,Kristin,Bailey,Jones-Evans
38,Yvonne,Gray,Jackson-Fox
39,David,Barnes,Paul PLC
40,Christine,Mercado,"Carter, Benton and James"
41,Darrell,Matthews,"Carter, Boyd and Nguyen"
42,Nicholas,Pena,"Cantrell, Acosta and Lynch"
43,Louis,Lee,"Grant, Black and Stokes"
44,Daniel,Bailey,Smith-Pratt
45,Michael,Krause,Clark-Stone
46,John,Zavala,Smith LLC
47,Mary,Rojas,Michael-Marquez
48,Trevor,Hendrix,"Garner, Robinson and Nguyen"
49,Brittany,Lowe,"Shaffer, Paul and Parrish"
50,Sandra,Coleman,"Warner, Fisher and Lopez"
51,Heather,Miranda,"Owen, Garcia and Nash"
52,David,Griffin,"West, Morrow and Weaver"
53,Ashley,Gomez,Manning LLC
54,Andre,Adkins,Boyd PLC
55,Alexis,Miller,"Wilson, Davis and Dalton"
56,Clifford,Hernandez,"Anderson, Williams and Williams"
57,Cassandra,Garcia,Scott Ltd
58,Brian,Rodriguez,"Lopez, Booker and Armstrong"
59,Jennifer,Wilson,"Jacobs, Lee and Watkins"
60,Nicole,Williams,Hernandez-Walters
61,Alec,Martin,"Franklin, Garcia and Gill"
62,Margaret,Powell,Palmer Group
63,Sierra,Cox,Irwin-Baker
64,Amanda,Walker,Clements-Baker
65,Julie,Lewis,Wall-Frost
66,Darrell,Johnson,Evans-Jones
67,Christian,Trujillo,Hood-Torres
68,Katie,Gould,"Blankenship, Ayers and Jacobs"
69,Scott,Munoz,"Murray, Robinson and Johnson"
70,John,Walker,Allen LLC
71,Terri,Berry,Pitts-Brandt
72,Frances,Allen,Bray and Sons
73,Kyle,Weber,Perez-Walker
74,Douglas,Snow,Newton Inc
75,Jennifer,Zamora,"Grant, Patterson and Dudley"
76,Lynn,Briggs,Webb Inc
77,Denise,Freeman,"Bond, Burns and Pitts"
78,Jordan,Powell,Fox Ltd
79,Jessica,Smith,"Baker, Cabrera and Kirk"
80,Louis,Smith,"Lawrence, Pittman and Bowman"
81,Charles,Little,Duncan-Allen
82,Kyle,Johnson,West and Sons
83,Emily,Sullivan,"Williams, Austin and Norris"
84,Krystal,Heath,Smith PLC
85,Timothy,Holt,Alexander-Graham
86,Amanda,Smith,Porter Group
87,Erin,Lewis,"Short, Prince and Reed"
88,David,Boone,"Meyers, Nichols and Murphy"
89,Johnathan,Wang,Hood-Turner
90,Albert,Rice,Dalton PLC
91,Paul,Thompson,"Perez, Pearson and Jackson"
92,Bradley,King,Velasquez-Carrillo
93,Lindsay,Collins,Vega-Garza
94,Alan,Fernandez,Lee-Jones
95,Shawn,Reed,Cox PLC
96,Xavier,Schmitt,Graham-Carr
97,Michael,Reyes,Williams-Gallegos
98,Jacqueline,Barber,Davis-Oneal
99,Tyler,Mcgrath,Berry-Bennett
100,James,Parrish,Schwartz-Johnson
101,Gary,Savage,"Wilson, Tyler and Melton"
102,Rebekah,Levine,Stevens-Oliver
103,Scott,Blake,"Taylor, Smith and Weber"
104,Patrick,Pacheco,Hudson-Weber
105,Catherine,Case,Brown-Burnett
106,Victoria,Smith,Clark-Cook
107,Tammie,Wong,Hansen-Shah
108,Nicole,David,Huff-Marsh
109,Robert,Cordova,Mitchell and Sons
110,David,Harris,Wagner Inc
111,Joshua,Bird,"Pham, Wong and Fisher"
112,Molly,Garcia,Cruz-Galloway
113,Renee,Hall,Rosales LLC
114,Melanie,Daniels,Phillips-Mathis
115,Joseph,Brooks,Aguilar LLC
116,Peter,Gallegos,Glass Inc
117,Adrian,Williams,"Garrett, Mata and Smith"
118,Matthew,Simmons,Patterson-Brooks
119,Michael,Gross,Daniel-Sanders
120,Paul,Smith,Conrad-Robinson
121,Yolanda,Williams,Johnson Group
122,Kevin,Black,"Gallagher, Collier and Castaneda"
123,William,Martinez,Hoffman and Sons
124,Tracey,Lyons,Howard LLC
125,Elizabeth,Jones,Peters-Kim
126,Scott,Flores,Lopez LLC
127,Kimberly,Berger,Alexander Group
128,Holly,Smith,Silva-Johnson
129,William,Stewart,Maynard-Nelson
130,Tammy,Ramirez,Duncan Ltd
131,Savannah,Green,Acevedo Group
132,Timothy,King,"Bruce, Robinson and Taylor"
133,Courtney,Dorsey,Herrera PLC
134,Andrea,Olson,"Thompson, Barnes and Wilson"
135,Jessica,Morris,"James, Cruz and Bridges"
136,Catherine,Kane,"Adams, Andrews and Hall"
137,Victor,Cortez,Carlson Inc
138,Charles,Fisher,Ramos Inc
139,Julie,Moreno,"Smith, Zimmerman and Macias"
140,Kathy,Hernandez,Carrillo Group
141,Justin,Wright,"Escobar, Villegas and Travis"
142,Brenda,Walker,Browning-Garner
143,Nicholas,Davies,"Taylor, Collier and Webb"
144,Frank,Fisher,"Taylor, Green and Keller"
145,Marissa,Silva,Sanchez Group
146,Paul,Sherman,"Johnson, Roberts and Wright"
147,Robert,Mendoza,"Dickerson, Rubio and Alexander"
148,Adam,Meza,"Moore, Hernandez and Leonard"
149,Tamara,Taylor,Ramirez-Aguilar
150,John,Strong,Stevens-Robinson
151,Lauren,Blair,"Poole, Dean and Chang"
152,Zachary,Gray,Gonzalez-Cardenas
153,Melissa,Watkins,"Cannon, Brown and James"
154,Vanessa,Johnson,Baldwin Inc
155,Autumn,Curry,Wallace Group
156,John,Petersen,"Robinson, Moran and Nolan"
157,Adriana,Gallegos,Williams and Sons
158,Tara,Hebert,Reilly-Leon
159,Morgan,Reyes,David PLC
160,Daniel,Reynolds,"Jimenez, Russell and Austin"
161,Kaitlyn,Jackson,Stokes-Murray
162,Marvin,Gardner,Morrison-Scott
163,Kristen,Reynolds,Roberson and Sons
164,Michael,Hamilton,"Hernandez, Campbell and Boyd"
165,Mark,Vaughn,Blevins LLC
166,Marcus,Myers,Wheeler Group
167,John,Hayes,Martin Group
168,Kenneth,Sandoval,Morgan LLC
169,Jeffery,Price,Wallace-Roth
170,Dustin,Smith,"Phillips, Williams and Marshall"
171,William,Lewis,Cuevas Inc
172,Tamara,Allison,"Collins, Smith and Rodriguez"
173,Brianna,Faulkner,"Tran, Krause and Smith"
174,Scott,Atkins,Ortiz Ltd
175,Jennifer,Harris,Wade-Yu
176,Mark,Meyer,Smith Group
177,Kyle,Parks,"Williams, Potter and Stanley"
178,Christopher,Williams,Williams Inc
179,Brandon,Porter,Murphy PLC
180,Emily,Hughes,Thomas-Fritz
181,Adam,Bishop,Duran Ltd
182,Douglas,Walsh,Arnold PLC
183,Anthony,Perez,Sanchez-Perez
184,Frank,King,Carpenter-Lopez
185,Brandy,Crawford,Maldonado Group
186,Marcus,Gilbert,"Baxter, Lambert and Castro"
187,Donald,Swanson,Lee-Randall
188,Veronica,Moore,Guzman-Williams
189,Joe,Jimenez,Love and Sons
190,Amber,Garcia,Robinson LLC
191,John,Walker,Price Ltd
192,Amy,Torres,"Willis, Young and Griffin"
193,Scott,Moore,"Shields, Beasley and Franklin"
194,Anthony,Williams,Juarez Inc
195,Brian,Thomas,"Garcia, Walker and Dennis"
196,Anthony,Pearson,Wilson and Sons
197,Jeremy,Carter,Carter LLC
198,Bonnie,Brennan,"Torres, Casey and Hernandez"
199,Jasmine,Davis,"Garcia, Bell and Watson"
200,Michelle,Haney,Cook Group
201,Ryan,Rogers,Hughes LLC
202,Lisa,Lopez,Dickson LLC
203,Amy,Hall,Norris-Shields
204,Jacob,Fleming,Bishop LLC
205,Elizabeth,Petersen,Bernard LLC
206,Robin,Woodard,"Peterson, Thomas and Williams"
207,Zachary,Shelton,"Franco, Aguilar and Sanchez"
208,Christine,Mullins,"Nunez, Lee and Montoya"
209,Paul,Hunt,Ryan-Carney
210,Jason,May,"Diaz, Williams and Velazquez"
211,Christina,Gonzalez,Medina-Simmons
212,Ann,Byrd,"Smith, Bennett and Gonzalez"
213,Carla,Weber,Burgess Inc
214,Jodi,Pratt,Mendoza PLC
215,Sandra,Garcia,Frey PLC
216,Ryan,Dennis,Ward-Salazar
217,Stephanie,Fitzgerald,Solomon LLC
218,Jessica,Ramirez,"Hall, Lopez and Cox"
219,David,Wood,"Massey, Le and Taylor"
220,Daniel,James,Dean LLC
221,Alexander,Fletcher,Santiago Group
222,Matthew,Thornton,"Sanchez, Morales and Kelly"
223,Linda,Maynard,"Ramirez, Horton and Brewer"
224,Alison,Shepherd,"Haynes, Oconnor and Baker"
225,Carla,Johnson,Goodwin-Johnson
226,Miranda,Clark,Brennan-Mcguire
227,Megan,Richardson,Snyder Inc
228,Cynthia,Boone,Brown Ltd
229,Daniel,Stanley,Hall Ltd
230,Erica,Carr,Greene-Rodriguez
231,Nathan,Davis,"Burns, Rodriguez and Barron"
232,Rachel,Jordan,Hull Inc
233,Alex,Green,"Hale, Fernandez and Gates"
234,Adam,Freeman,Lopez-Martin
235,Sara,Allen,Werner-Nichols
236,Emily,Gibson,Cross PLC
237,Kristine,Hayes,Terry-Johnson
238,Troy,Young,"Simmons, Holden and Mccullough"
239,Jeremy,Lewis,Lee Ltd
240,Christopher,Mcdonald,Allen-Davis
241,Jeremiah,Horn,Wang Inc
242,Angela,Garcia,Bernard-Long
243,Timothy,Mcintyre,"Baxter, Nicholson and Ramsey"
244,Jason,Taylor,Carpenter-Washington
245,Patricia,Shaw,"Porter, Baker and Hart"
246,Andrew,Paul,"Lopez, Kelley and Cervantes"
247,Ronald,Cortez,"Kim, Ortega and Salazar"
248,Rachel,Wright,Simpson Inc
249,Danielle,Johnson,"Kemp, Russell and Wilson"
250,Stacy,Keller,Smith PLC
251,Rhonda,Jordan,"Brown, Rush and Liu"
252,Sandra,Acosta,Elliott and Sons
253,Stephanie,Ray,Wilson Group
254,Gregory,Shields,"Park, Martinez and Gibson"
255,Nichole,Lynn,Taylor-Johnson
256,Mary,Stanley,Lane Inc
257,Victoria,Mills,"Padilla, Carter and Lloyd"
258,George,Levine,Smith Inc
259,Briana,Fischer,Jones-Brady
260,Angela,Dunn,Barnes-Smith
261,Emily,Salas,Love Group
262,Kevin,Hunt,Stanton-Torres
263,Kara,Williams,"James, Krause and Stone"
264,Dennis,Martin,Davis Inc
265,Ryan,Marsh,"Clark, Ramirez and Lopez"
266,Sara,Whitney,"Ramirez, Thornton and Cook"
267,Jennifer,Carroll,Porter Group
268,Timothy,Golden,Peterson-Jones
269,Lacey,Richardson,Stout-Williams
270,Sarah,Becker,Wilson PLC
271,Mary,Villarreal,"Hernandez, Rush and Meyers"
272,Angela,Clarke,Lambert-Sullivan
273,Leslie,Gray,Huang PLC
274,Michael,Ramirez,Sanders Group
275,Karen,Rodriguez,Smith-Garrett
276,Patrick,Gaines,Atkinson and Sons
277,Bryce,Ramirez,"Thomas, Fisher and Ward"
278,Matthew,Kelley,Larson and Sons
279,Willie,Knight,Elliott-Harper
280,Michelle,Miles,Bell-Day
281,Paula,Wilkins,"Cox, Potter and Wilson"
282,Alexis,Lee,Rush Group
283,Julie,Valentine,Cox-Schaefer
284,Keith,Anderson,Collins Ltd
285,Nicole,Donaldson,Bauer-Griffin
286,Tonya,Parks,"Lee, Washington and Johnson"
287,James,Jones,Mitchell Ltd
288,Luke,Clayton,"Mcgee, Fitzpatrick and Cole"
289,Tiffany,Shah,"Pearson, Montoya and Webb"
290,Eric,Ferguson,Fowler-Little
291,Tricia,Wong,Randall-Griffin
292,Matthew,Pacheco,Munoz-Adams
293,Michael,Wagner,Joseph-Hudson
294,Eric,Garcia,"Li, Salinas and Miller"
295,Diane,Shannon,"Berry, Oliver and Wolfe"
296,Jessica,Washington,Vasquez LLC
297,Beth,Stevens,Simon PLC
298,George,Briggs,Johnson Inc
299,Dawn,Sims,"Singh, Hanson and Pope"
300,Gregory,Townsend,"Hart, Sutton and Smith"
301,Rebecca,Johnson,Price Group
302,Kayla,Cox,Long and Sons
303,Crystal,Campbell,"Ortiz, Jones and Douglas"
304,Elizabeth,Hogan,Wallace LLC
305,Hannah,Gross,"Cruz, James and Donaldson"
306,Natalie,Garcia,Kelley and Sons
307,Austin,Hamilton,"Zavala, Stone and Cohen"
308,Haley,Pope,Henderson PLC
309,Lisa,Lee,"Santiago, Bonilla and Erickson"
310,Holly,Barnett,Hopkins Group
311,Linda,Hartman,"Jackson, Lee and Carpenter"
312,Laura,Hill,Graham PLC
313,Patricia,Krause,Baker and Sons
314,George,Kelley,"Thompson, Elliott and Patterson"
315,Joyce,Gomez,Perry-Cochran
316,Mason,Schroeder,"Marquez, Bradley and Jones"
317,Stacey,Silva,Wells-Silva
318,Anthony,Ryan,Davenport-Cantrell
319,Kara,Leblanc,Whitehead-Martin
320,Donna,Terrell,"Davis, Allen and May"
321,Whitney,Wilson,Graham PLC
322,George,Garza,Wood-Smith
323,Ivan,Snyder,"Stevens, Miller and Gutierrez"
324,Kimberly,Torres,Allen-Mcknight
325,Tami,Garcia,Yu-Crane
326,Amanda,Turner,Miller PLC
327,Joshua,Moore,"Dodson, Hurley and Bolton"
328,Laura,Rios,Rosales-Clark
329,Gary,Johnson,Myers-Perry
330,Kimberly,Hood,Johnson LLC
331,Kathleen,Ellis,"Owens, Fisher and Joseph"
332,Erika,Gonzalez,Mason-Aguilar
333,Carlos,Keller,"Torres, Terry and Waller"
334,Bryan,Lara,"Green, Ramirez and Mckinney"
335,Deborah,Mason,Carlson PLC
336,Dawn,Gutierrez,Boyle Inc
337,Debra,Cortez,Ellis Inc
338,Daniel,Miller,Douglas-Mcdonald
339,April,Schmidt,Adams Ltd
340,Brittany,Moreno,"Ruiz, Mathews and Hunter"
341,Matthew,Castillo,Jackson-Anderson
342,Samuel,Baker,"Carpenter, Deleon and Fowler"
343,Rhonda,Clark,Mills and Sons
344,Margaret,Fields,Odom Group
345,Taylor,Conner,Oconnell and Sons
346,Timothy,Lee,"Campos, Moore and Andrews"
347,Antonio,Callahan,"Smith, Smith and Baker"
348,Robert,Li,Wang Group
349,Raymond,Leon,Williams Group
350,Lori,Martinez,Sampson-Hubbard
351,Regina,Anderson,Allen-Duran
352,Tim,Morgan,Tran-Anderson
353,John,Hardy,Murphy Group
354,Heather,Smith,Gordon Group
355,Rachel,Wells,Hayes-Gallagher
356,Jessica,Ballard,Mcdonald Group
357,Kenneth,Griffin,Colon-Greer
358,Kimberly,Price,Kim and Sons
359,Christopher,Mendez,Wagner-Eaton
360,Daniel,Campbell,"Quinn, Le and Jones"
361,Sean,Sellers,Brown-Butler
362,Cole,Mejia,Turner-Mclaughlin
363,Andrea,Cuevas,Shannon-Johnson
364,Nicholas,Keith,Rivera-Baker
365,Krista,Walker,Lynch-Castillo
366,Michael,Warren,"Chan, Phillips and Vasquez"
367,Dakota,Roy,Whitaker-Church
368,Tyler,Rios,Stewart-Miller
369,Renee,Chambers,Kelly PLC
370,Regina,Jackson,"Ruiz, Guerra and Lopez"
371,Brett,Baker,Mcdaniel PLC
372,Krista,Stewart,"Roberts, Blair and Morrow"
373,Alexis,Wright,Riley Group
374,Bethany,Ferrell,Mendoza Inc
375,Marc,James,"Frederick, Rodriguez and Bell"
376,Katrina,Bates,White-Huynh
377,Jessica,Collins,Weber and Sons
378,Vanessa,Miller,Brooks LLC
379,Patricia,Logan,Ortiz-Mcgee
380,David,Camacho,Kirby-Dixon
381,Julia,White,Williams and Sons
382,Tiffany,Church,Barnes LLC
383,Willie,Reed,Contreras-Bell
384,Karen,Walker,"Jackson, Paul and Barrett"
385,Kim,Taylor,Williams-Shelton
386,Toni,Jackson,"Miller, Figueroa and Sullivan"
387,Sally,Blair,"Craig, Gutierrez and Hernandez"
388,Ariana,Thomas,Pena and Sons
389,Shane,Bond,"Montoya, Moore and Moyer"
390,Paul,Foster,Smith Group
391,Sharon,Price,Williams and Sons
392,Tina,Webb,Avila-Pham
393,Gregory,Campbell,Holmes-West
394,Ashlee,Anderson,Wilson-Hines
395,Bradley,Brown,Lowe Inc
396,Ashley,Flores,Morales PLC
397,Jeff,Kent,Roy Inc
398,Isaac,Howard,"Wheeler, Shelton and Green"
399,Stephen,Gomez,Lambert-Walker
400,Darren,Hurley,Knight-Bryant
401,William,Pugh,Huerta-Curtis
402,James,Barron,"Coleman, Taylor and Smith"
403,Jose,Rodriguez,Carter Group
404,Aaron,Gilbert,"Gonzalez, Spencer and Gardner"
405,Nicole,Williams,"Fitzgerald, Daniels and Harrell"
406,John,Newman,Rosario-Carroll
407,Brandon,Morris,Mitchell LLC
408,Terri,Fletcher,Jimenez-Ross
409,William,Ramos,Bolton LLC
410,Robin,Phillips,Medina-Lynch
411,Dillon,Kelly,"Burton, Mcdowell and Mcdonald"
412,Luke,Jones,Dunn-Fletcher
413,Christopher,Jackson,"Davis, Martinez and Soto"
414,Jay,Peters,Lewis-Herman
415,Tyler,Wilson,Lopez Inc
416,Jessica,Gonzalez,Nunez Inc
417,Rebekah,Gallegos,"Salas, Jenkins and Allen"
418,Michelle,Hernandez,"Price, Vargas and Mayer"
419,Timothy,Dickerson,"Lopez, Richards and Casey"
420,Eric,Coleman,Fowler Inc
421,Michele,Lopez,"Lewis, Powell and Jackson"
422,Kimberly,Mayer,Shelton-Pope
423,Scott,Schultz,"Clark, Jackson and Williams"
424,Robert,Pena,"Aguilar, Lopez and Hill"
425,Martin,Smith,Jones-Gray
426,Todd,Anderson,Anderson and Sons
427,Emily,Erickson,Nichols-Daniels
428,Anthony,Atkins,Miller-Thornton
429,Nicholas,Sanders,"Deleon, Campbell and Rivas"
430,Gregory,Morgan,"Stanley, Johnson and Garcia"
431,Patricia,Barnett,"Anderson, Bean and Williams"
432,Samuel,Pham,Howell and Sons
433,Steven,Anderson,Garcia-Moore
434,Brandon,Lewis,Fuentes Inc
435,Katherine,Frank,"Cooper, Anderson and Tanner"
436,Natalie,Smith,"Bean, Crawford and Scott"
437,Monica,Matthews,Sherman PLC
438,Melanie,Moreno,"Oliver, Terry and Soto"
439,Jason,Torres,Tyler Inc
440,Henry,Andrade,"Collins, Gomez and White"
441,Jacob,Mueller,Thompson Inc
442,Steve,Harris,Hernandez-Griffin
443,Jennifer,Mcintyre,Garrett Inc
444,Tim,Hall,Miller-Gaines
445,Denise,Byrd,Hernandez and Sons
446,Sherry,Warren,Russell-Robinson
447,Monica,Delgado,"Perez, Nixon and Haynes"
448,Larry,Livingston,Herrera Group
449,Robert,Nielsen,Skinner Inc
450,Gregory,Santos,Jordan-Bartlett
451,Lisa,Howard,Wong-Johns
452,Daniel,Martin,"Johnson, Smith and Pierce"
453,Paige,Church,Hammond-Brown
454,Elizabeth,Johnson,"Powell, Walker and Terrell"
455,Nancy,Reed,Taylor Group
456,Michael,Mckinney,"Barry, Davis and Spears"
457,Leah,Potter,Kramer Inc
458,Traci,Clements,"Flores, Wallace and Shields"
459,Whitney,Kim,Velez-Miller
460,Zachary,Jordan,"Bennett, Williams and Cox"
461,Daniel,Davis,Hunt-Mccullough
462,Jason,Harris,"Garcia, Cowan and Waller"
463,Makayla,Webb,"Hamilton, Reese and Perez"
464,Richard,Campbell,Prince-Stevens
465,Daniel,Bates,"Lee, Ray and Boyd"
466,Julie,Nelson,"Shah, Watson and Gutierrez"
467,Melissa,Bridges,"Jackson, James and Guerrero"
468,Lisa,Garcia,"Griffin, Hughes and Hodges"
469,Cassie,Becker,Garcia-Ayala
470,Chris,Williams,Brown Group
471,Kayla,Suarez,Lewis Inc
472,Monica,Martinez,Campbell Inc
473,Eric,Hernandez,Roberson PLC
474,Casey,Martin,"Becker, Wang and Moore"
475,Nicole,Robinson,Stokes Inc
476,Robert,Barnes,Gonzalez-Nelson
477,Patrick,English,Mcdaniel Group
478,Travis,Mercado,"James, Soto and Wilcox"
479,Elizabeth,Cook,Perez-Harris
480,Judith,Young,Frazier-Wyatt
481,Cathy,Davis,Buck-Medina
482,Austin,Koch,Miller PLC
483,Tanya,Campbell,"Cruz, Anderson and Thompson"
484,Julie,Perkins,"Hanson, Rodriguez and Boyd"
485,David,Robertson,Johnson Ltd
486,Kimberly,Gonzalez,"Roberts, Russell and Davis"
487,Richard,Price,"Wolfe, Hood and Pham"
488,Jonathan,Cooley,Russell-Contreras
489,Bradley,Smith,"Todd, Ho and Cooper"
490,Leslie,Mcdaniel,"Higgins, Grant and Cervantes"
491,David,Robinson,Bates Ltd
492,James,Bradford,"Owen, Houston and Jones"
493,Kathryn,Stewart,"Turner, Ferguson and Nichols"
494,April,Moon,Becker Inc
495,Paula,Kramer,Henderson-Martinez
496,Philip,Flores,"Sherman, Davis and Chavez"
497,Elizabeth,Cooper,"Castro, Guerra and Smith"
498,James,Tucker,Davis LLC
499,Patty,Salazar,Rhodes Ltd
500,Jessica,Krueger,"Haynes, Hensley and Williams"
501,Jo,Smith,Huynh-White
502,Peter,Li,Wolfe Ltd
503,Frances,Palmer,Bartlett-Kemp
504,Amy,Patton,Smith-Davis
505,Alyssa,Ayala,"Perkins, Dunn and Huffman"
506,Jesse,Gordon,Jackson and Sons
507,Mark,Casey,Joyce PLC
508,Lindsay,Mendoza,Adams-Weaver
509,John,Chan,James-Ward
510,Debbie,Sutton,"Cooper, Nguyen and White"
511,Kevin,Shelton,Powell-Lewis
512,Timothy,Woods,"Williams, Jimenez and Richardson"
513,Mark,Stewart,"Stone, Perry and Craig"
514,Cassandra,Allen,"Porter, Smith and Edwards"
515,Tara,Russell,Collins LLC
516,Amanda,Ross,Luna LLC
517,Jenna,Romero,Kelly-Jones
518,Walter,Meyer,Williams LLC
519,Savannah,Tanner,Moses PLC
520,Renee,Cook,"Moore, Blake and Love"
521,Bobby,Ayala,"Fields, Silva and Nielsen"
522,Jennifer,Morales,Herrera Inc
523,Charles,Cain,"Davis, Martinez and Johnson"
524,Patricia,Roth,"Jimenez, Hall and Rich"
525,Riley,Stokes,Hart-Hill
526,Rachel,Johnson,Smith Group
527,Harold,Williams,Golden and Sons
528,Eric,Adams,Cook-Moreno
529,Vanessa,Hubbard,"Caldwell, Brown and Edwards"
530,Brianna,Adams,"Burke, Patel and Campbell"
531,Joseph,May,Rose-Johnson
532,Paula,Miller,Baldwin and Sons
533,John,Hardy,"Ochoa, Burke and Townsend"
534,Robert,Anderson,Frank LLC
535,Jessica,Hernandez,"Turner, Kramer and Martin"
536,Elizabeth,Ward,Whitaker Ltd
537,Tammy,Watson,Bartlett-White
538,Brandy,Harris,"Jimenez, Martin and Mckee"
539,Daniel,Smith,"Brown, Garcia and Jimenez"
540,Samuel,Yoder,Ramsey-Hall
541,Daniel,Colon,Herring-Smith
542,Julie,Soto,"Rangel, Deleon and Davis"
543,Michael,Wood,Ferguson-Wheeler
544,Jill,Williams,Heath PLC
545,Rhonda,Ward,"Sharp, Mcconnell and Evans"
546,Daniel,Dalton,Garcia-Neal
547,Robert,Miller,"Owens, Dominguez and Rivera"
548,Karen,Brown,Wells-English
549,Brian,Garner,Anderson-Wade
550,Bonnie,Obrien,"Scott, Reese and Powell"
551,Tamara,Robinson,"Shah, Lopez and Reese"
552,Dennis,Marshall,West-Rush
553,Madison,Beard,"Smith, Larson and Stevens"
554,James,Oliver,Rodriguez LLC
555,Timothy,Howard,Graves Ltd
556,Steve,Payne,"Campbell, Baker and Ellis"
557,William,Myers,Dixon-Rivera
558,Lauren,Smith,"Henderson, Harris and Patterson"
559,Shawn,Massey,Mills Inc
560,Elizabeth,Cooper,"Collier, Turner and Conner"
561,Alice,Larson,Thompson Inc
562,Debra,Tran,Quinn-Bishop
563,Carla,Velazquez,Robinson Ltd
564,Carolyn,Edwards,Francis-Ellison
565,Benjamin,Anderson,"Thompson, Allen and Clarke"
566,Sharon,Rodriguez,Willis-Alvarez
567,Brian,Walker,Tran-Parks
568,Austin,Smith,"Collins, Bailey and Ashley"
569,Joseph,Garza,"Lyons, Hicks and Miller"
570,Kristi,Cortez,"Lawson, Phillips and Camacho"
571,Jill,Hernandez,Greer-Barber
572,James,Hughes,Ruiz-Mathews
573,Jennifer,Thomas,Nelson-Pearson
574,William,Garcia,Thompson and Sons
575,Wanda,Johnson,"Sanchez, Jordan and Wood"
576,Tiffany,Smith,Simon-Hayes
577,Brittney,Lee,Elliott Inc
578,Amy,Hart,Garcia-Mcdonald
579,Erin,Waller,Harrison-Sanchez
580,Laura,Stewart,"Watkins, Morales and Golden"
581,Patty,Edwards,Armstrong-Miller
582,Brian,Phillips,"Black, Rose and Hanna"
583,Sarah,Delacruz,Freeman PLC
584,Shawn,Young,Bell PLC
585,April,Young,Sparks Inc
586,John,Chandler,Santos-Sampson
587,Amy,Snyder,"Huynh, Lee and Ward"
588,Brian,Simon,"Gentry, Stephens and Beard"
589,Maria,West,Bennett-Hill
590,Timothy,Romero,"Daniels, Moore and Campbell"
591,Lisa,Lopez,Nguyen-Gardner
592,Stanley,Arroyo,Whitney PLC
593,Kevin,Jimenez,Moore Ltd
594,Robert,Salas,Wilson-Bond
595,Craig,Griffin,Fox-Baker
596,Madison,Aguilar,"Williams, Alexander and Smith"
597,Amanda,White,"Chapman, Morris and Wagner"
598,Timothy,West,Shaw Inc
599,Jessica,Espinoza,Woodward-Sanchez
600,Stephanie,Dickerson,Murphy Group
601,Sharon,Jackson,"Sanchez, Harper and Valdez"
602,Lisa,Ramsey,Moore-Brown
603,Margaret,Brooks,"Ramsey, Smith and Sanders"
604,Charles,Bray,"Robinson, Mack and Coleman"
605,Lindsey,Hernandez,Walter PLC
606,Russell,Martin,"Dixon, Fuentes and Graham"
607,Samantha,Lawson,"Lopez, Graham and Garcia"
608,James,Pierce,Rios PLC
609,Martha,Smith,Martin and Sons
610,Billy,Odonnell,Brown-Perez
611,Kathleen,Boyd,Montgomery and Sons
612,Cynthia,Cohen,Martinez-Boyd
613,Julie,Morrow,"Logan, Evans and Cooper"
614,Mario,Chavez,"Robinson, Gibson and Carlson"
615,Nathaniel,Bernard,Vincent Inc
616,David,Ruiz,Abbott Ltd
617,Nancy,Young,Butler-Hicks
618,Kristen,Neal,"Stewart, Chen and Brown"
619,Travis,White,Thomas and Sons
620,Shawn,Blair,Black Inc
621,Stephanie,Miles,Mora and Sons
622,Carl,Powell,"Mata, Huffman and Thomas"
623,Paul,Fuller,Ryan-Valdez
624,Sherri,Young,"Hughes, Myers and Jones"
625,Karen,Fletcher,Mcclain Inc
626,Jennifer,Klein,Wilson Group
627,Jennifer,Jones,Roberts-Scott
628,Veronica,Diaz,Reed-Taylor
629,Charlene,Howell,Cruz-Roth
630,Christopher,Espinoza,"Mendez, Garza and Page"
631,Andrea,Bell,"Bryan, Robinson and Coffey"
632,Christopher,Barrett,Jones Inc
633,Kelsey,Murphy,"Arnold, Henderson and Gonzalez"
634,Brittany,Dodson,"Norman, Trevino and Summers"
635,Raymond,Mcguire,Miller-Ewing
636,Robin,Gonzalez,"Black, Jackson and Barr"
637,Joshua,Rogers,Perez PLC
638,Dylan,Brown,Baker-Howell
639,Joshua,Moore,Larson-Livingston
640,Bob,Kennedy,Banks-Villegas
641,Kristina,Dyer,Woods-Joseph
642,David,Christensen,"Cole, Holt and Reed"
643,Matthew,Kennedy,"Buchanan, Baird and Lewis"
644,Matthew,Doyle,"Arias, Jordan and Sims"
645,Michael,Garcia,"Harris, Jones and Williams"
646,Thomas,Erickson,Bradley-Bentley
647,Jerry,Jones,Diaz Group
648,Jeremy,Duncan,"Cooper, Green and Ray"
649,Nancy,Mckenzie,Morgan PLC
650,Jessica,Wall,Coffey-Ortega
651,Briana,Moreno,Davis Ltd
652,Steven,Hawkins,"Clements, Willis and Stevenson"
653,Kathleen,Hunter,"Johnson, Tyler and Moore"
654,Teresa,Miller,West Group
655,Madison,Thompson,Garza-Buchanan
656,Julia,Grant,Anderson-Price
657,Tracy,Hines,Stevens LLC
658,Ronald,Smith,"Stephenson, Serrano and Lam"
659,Daniel,Hernandez,Hernandez-Mcgee
660,Mary,Taylor,Lewis-Smith
661,Andrew,Jones,Roberts-Porter
662,Jeffery,Ruiz,"Mckinney, Barrett and Sharp"
663,Dawn,Klein,Bates Group
664,Sarah,Smith,Mccoy Inc
665,Rebecca,Wallace,Meza LLC
666,Carol,Scott,"Rivera, Martin and Reed"
667,Linda,Lang,"Brown, Robinson and Ellis"
668,Taylor,Booker,Ross-Bender
669,Eric,Stewart,"Murphy, Watkins and Henderson"
670,Joseph,Patel,Wells-Hunt
671,Carolyn,Jimenez,Dominguez Ltd
672,Stephanie,Miller,Hudson and Sons
673,Ryan,Miller,"Edwards, Cohen and Harrington"
674,Anthony,Wheeler,Hodges-Harper
675,Joel,Hurst,"Martinez, Kline and Werner"
676,Sara,Payne,Schneider-Lee
677,Joshua,Weber,Miller Group
678,Carlos,Gomez,"Hardy, Jensen and Davis"
679,Carol,Martinez,"Wiley, Johnston and Duffy"
680,Elizabeth,Brown,Miles-Young
681,Nicole,Vargas,Palmer-Green
682,Matthew,Carr,"Gutierrez, Martinez and Young"
683,Matthew,Davis,"Maynard, Smith and Newman"
684,Alison,Hurley,"Reid, Perez and Wiley"
685,Jeremy,Daniels,Miller-Terry
686,Bradley,Patel,Perkins LLC
687,Felicia,Sweeney,"Carter, Jennings and Hunt"
688,Ashley,Scott,Peterson Ltd
689,Robert,Turner,"Miles, Hernandez and Lee"
690,Adam,Hale,Jones PLC
691,Joshua,Miller,"Salazar, Perez and Murphy"
692,Brian,Davis,Weaver-Smith
693,Jill,Duncan,"Decker, Duran and Vasquez"
694,Brian,Conley,Perry-Smith
695,Clinton,Harper,Stewart-Hess
696,Amanda,Hudson,"Delgado, Yu and Thompson"
697,Michael,Walker,"Johnson, Reynolds and Harrington"
698,Sarah,Wilson,Smith Ltd
699,Jared,Brady,Walker-Hudson
700,Kristine,Lawson,"Hernandez, Chambers and Harrison"
701,Victoria,Miller,"Friedman, Levine and Johnson"
702,Barbara,Sellers,"Hernandez, Garcia and Lambert"
703,Nicholas,Hawkins,Johnson-Larson
704,Douglas,Swanson,Frazier-Powell
705,Ralph,Bautista,Lee-Walls
706,Samantha,Evans,"Floyd, Cruz and Burns"
707,Richard,Murray,"Daniel, Walsh and Hayes"
708,Jessica,Chaney,"Mercado, Anderson and Reynolds"
709,Mitchell,Erickson,"Perkins, Parsons and French"
710,Jacob,Richards,Burns-Alvarado
711,Jill,Crane,"Barrera, Johnston and Campbell"
712,Bradley,Young,"Deleon, Ewing and Guerra"
713,David,Zuniga,Jordan-Church
714,William,Wilson,"Brooks, Bernard and Evans"
715,Charles,Everett,"Rivas, Henderson and Hill"
716,Daniel,Kelley,Lara-Smith
717,Tammy,Carter,"Cabrera, Montgomery and Casey"
718,Shawn,Klein,"Hodges, Brown and Forbes"
719,Carol,Hughes,"Ramos, Callahan and Anderson"
720,Sally,Garcia,"Collier, Miller and Smith"
721,Kathy,Santiago,"Orozco, Fernandez and Jones"
722,Holly,Walker,Hobbs-Hernandez
723,Ashley,Butler,Jones PLC
724,Lauren,Butler,"Brooks, Jenkins and Reid"
725,Samuel,Garcia,Duke PLC
726,Heather,Hampton,Wilson-Randolph
727,Nancy,Hoffman,Marshall and Sons
728,Victor,Ferguson,Gray-Villa
729,Jessica,Carr,Campbell-Sullivan
730,Betty,Anderson,Alexander-Powell
731,Gary,Douglas,Robinson-Freeman
732,Jamie,Johnson,Miller LLC
733,Raymond,Ellison,Valdez-Harper
734,Sarah,Brown,Smith Inc
735,Leslie,Miller,Jackson Ltd
736,Joseph,Davila,May PLC
737,Joshua,Miles,"Hughes, Ramirez and Garza"
738,Christopher,Meyer,Hartman-Henderson
739,Michelle,Stone,"Smith, Merritt and Johnson"
740,Christina,Henderson,Dorsey and Sons
741,Jennifer,James,"Huang, Castaneda and Craig"
742,Lori,Mitchell,Ellis-Huang
743,Jean,Smith,Roberson Group
744,Emily,Sparks,Gray and Sons
745,Grace,Farrell,"Johnson, Turner and Mason"
746,David,Meza,White LLC
747,Tom,King,"Lee, Pacheco and Green"
748,Hannah,Henderson,"Jackson, Gibson and Webb"
749,Debra,Velasquez,Carter PLC
750,Becky,Conner,Chavez Group
751,Emily,Potter,"Harris, Howard and Soto"
752,Jessica,Cantu,"Powell, Gonzalez and Savage"
753,Jennifer,Johnson,"Duncan, Mcgee and Garcia"
754,Juan,Stone,Hayes LLC
755,David,Ford,"Moran, Diaz and Jordan"
756,John,Benson,"Price, White and Turner"
757,Jeff,Strong,Livingston LLC
758,Ashley,Jordan,"Bowman, Summers and Keller"
759,David,Kent,Cross LLC
760,Philip,Hebert,Coleman-Oconnor
761,Thomas,Ashley,Jenkins LLC
762,Phillip,Garcia,Madden-Richards
763,Keith,Williams,Gutierrez and Sons
764,Dakota,Fowler,Williams-Beasley
765,Amber,Cowan,Shaw-Aguilar
766,Jeffrey,Hinton,Collins PLC
767,Jacob,Parker,Brooks-Jackson
768,Jeremy,Robbins,Bright Group
769,Michelle,Valdez,"Stone, Thomas and Cole"
770,Steven,Young,Walker-Webster
771,Wendy,Duarte,Harper Ltd
772,Belinda,Harris,Morgan PLC
773,Samuel,Young,Rogers Ltd
774,Robert,Rivera,Mcmillan-Todd
775,Kevin,Savage,Gutierrez-Edwards
776,Daniel,Greer,Brown-Young
777,Angela,Thomas,"Rodriguez, Boyer and Beltran"
778,Richard,Wells,"Richards, Lewis and Stevens"
779,Aaron,Welch,"Bailey, Smith and Ortiz"
780,Sherry,Zuniga,Burke Group
781,Shannon,Ramos,"Bailey, Newman and Garcia"
782,Melinda,Berry,Rios-Castaneda
783,Rebecca,George,Good Inc
784,James,English,Ayala-Short
785,Justin,Wang,Kennedy PLC
786,William,Savage,"Mendoza, Hayes and Martin"
787,Melinda,Simpson,"Levy, Rodgers and Jones"
788,Nicholas,Wood,"Adams, Cowan and Lee"
789,Jessica,Fry,Hall Inc
790,Virginia,Ward,Lawson Group
791,Jose,Ray,Perez-Robbins
792,Taylor,Ramirez,Duke-Roman
793,Michael,Harris,Reed-Ward
794,Olivia,Proctor,Henry-Reese
795,Kristine,Park,Pacheco-Stephens
796,Maria,Jennings,Floyd-Boyd
797,Casey,Bruce,Horn Group
798,Jennifer,Malone,"Jenkins, Allen and Thompson"
799,Marc,James,"Beard, Spencer and Edwards"
800,William,Wells,Martin-Harrington
801,Veronica,Clark,Martin PLC
802,Kenneth,Harper,"Ashley, Stafford and Ford"
803,William,Kelly,Richards Inc
804,Rebecca,Nicholson,"Stewart, Hardy and Thomas"
805,John,Johnson,Rodriguez-Gallegos
806,Michael,Clayton,Moss Ltd
807,Eric,Parker,Jordan and Sons
808,John,Williams,Delacruz LLC
809,Chelsey,Conley,Gray-Lewis
810,Michelle,Thomas,Coleman-Rowe
811,Tiffany,Ochoa,Williams-Collins
812,Christina,Kelley,"Harris, Elliott and White"
813,John,Gutierrez,Arellano Group
814,Jason,Mcpherson,Mckenzie LLC
815,Jessica,Hayes,"Stewart, Bell and Lopez"
816,Diana,Dickerson,Sanchez-Mathews
817,Kristy,Wallace,Valencia Inc
818,Natalie,Bowers,"Martinez, Juarez and Oliver"
819,Julie,Mccoy,Wheeler-Hall
820,Kristin,Padilla,Allen-Allen
821,Stephanie,Schmidt,Norton Group
822,Abigail,Perkins,"Wallace, Maldonado and Kelly"
823,Alexandra,Brown,"George, Pennington and Moreno"
824,Sean,Cochran,"Porter, Lee and Mcintosh"
825,Jessica,Elliott,"Lawson, Carroll and Webster"
826,Jorge,Brandt,"Wright, Estrada and Rasmussen"
827,Michael,Young,"Cohen, Lynn and Moore"
828,Michael,Davis,Jackson Inc
829,Nancy,Wood,"Jones, Jones and Hansen"
830,Kelly,Gonzalez,Mills-Watkins
831,Debra,Miller,"Guzman, Griffin and Smith"
832,Valerie,Medina,Mclean-Weber
833,Erin,May,Cooley PLC
834,David,White,"Watson, Munoz and Frazier"
835,Christopher,Harris,"Rodriguez, Odom and Mcdaniel"
836,Paul,Hayes,Whitaker-Miller
837,Mikayla,Crawford,Ramos LLC
838,Ashley,Wheeler,Clark-Kelley
839,Henry,Kennedy,Garcia PLC
840,Ryan,Preston,Freeman-Walton
841,Lindsay,Bullock,Sandoval-Miller
842,Susan,Bautista,Dawson Group
843,Tara,James,"Chang, Eaton and Campbell"
844,Christina,Francis,Lopez Group
845,Jessica,Reid,Marquez LLC
846,Shelby,Jones,"Trevino, Ruiz and Quinn"
847,Christopher,Brown,Wright LLC
848,Bethany,Greene,Khan-Johnson
849,Jane,Clark,Romero-Davis
850,Olivia,Lewis,Martinez Group
851,Carol,Kent,Tran-Morales
852,Albert,Burns,Willis and Sons
853,Shannon,Ramirez,Gomez-Marshall
854,Tami,Hamilton,"Bernard, Park and May"
855,Douglas,Branch,Cohen-Soto
856,David,Colon,Pace-Tanner
857,Austin,Peterson,Jones and Sons
858,Rachel,Saunders,"Rodriguez, Daniels and Gonzales"
859,Darlene,Hartman,"Simpson, Robbins and Smith"
860,Marcus,Wood,Wright and Sons
861,Abigail,Browning,Petersen-Schmidt
862,Suzanne,Hopkins,Dodson-Phillips
863,Sophia,Morrow,Bennett Group
864,Colin,Serrano,"White, Stephens and Green"
865,Michael,Glover,Hughes-Johnson
866,Elijah,Tate,Alvarez-Allen
867,Gina,Alvarez,Davenport LLC
868,Phillip,Gordon,"Vazquez, Johnson and Orozco"
869,Sarah,Johnson,Porter-Zamora
870,Michael,Curry,Day LLC
871,Kimberly,Green,Franco Ltd
872,Laura,Calderon,Hood LLC
873,Amy,Mcknight,Alvarado Ltd
874,Lynn,Peterson,Mcintyre-Robles
875,Natalie,Singh,Bell Ltd
876,Sonya,Rogers,Howell LLC
877,Sarah,White,"Lopez, Alexander and Huang"
878,Amber,Lane,Lopez PLC
879,Tammy,Gomez,"West, Joseph and Jones"
880,Stephanie,Hogan,Gallagher Ltd
881,Austin,Garcia,"Mcdaniel, Farmer and Osborn"
882,Austin,Stewart,"Kennedy, Carr and Church"
883,Rick,Roy,"Carroll, Mcguire and Caldwell"
884,Anthony,Thompson,"Pugh, Merritt and Davis"
885,Sara,Donaldson,Hines-Torres
886,Luis,Thompson,Bond Group
887,Tammy,Zamora,Torres-Shaw
888,Edward,Gordon,Williams and Sons
889,Carl,Turner,Nolan Group
890,Noah,Brown,"Tanner, Bryant and Trujillo"
891,Leslie,Barber,Hernandez-Guzman
892,Courtney,Blair,Roberts Group
893,Wendy,Ray,Davis PLC
894,Jamie,Robinson,Myers-Ashley
895,Elizabeth,Gutierrez,White-Jones
896,Cindy,Stewart,"Mcintyre, Harper and Cunningham"
897,Sean,Nolan,Thomas-Serrano
898,Brian,Rivera,Ibarra-Campbell
899,Joseph,Callahan,Bernard and Sons
900,William,Moody,Miller-Jones
901,Todd,Barrett,Miller-Brown
902,Leslie,Smith,Wilson PLC
903,Erica,Potter,Pearson-Martinez
904,Daniel,Gonzalez,May Inc
905,Jacob,Lopez,"Berry, Casey and Thompson"
906,Crystal,Webb,"Smith, Day and Waters"
907,Cassandra,Jacobs,Wright-Davis
908,Jenna,Martin,"Lang, Hahn and Phillips"
909,Kelly,Sanchez,"Hartman, Austin and Chase"
910,Lisa,Aguirre,Porter-Harris
911,Alexandria,Reed,Wilson Group
912,Clarence,Palmer,Campos-Kelley
913,Nicole,Cooper,"Daniel, Cook and Flores"
914,Daniel,Barrett,Walker and Sons
915,Lisa,Waters,Skinner Ltd
916,Charles,Jones,Campbell-Olsen
917,Riley,Garcia,"Price, Horn and Smith"
918,Daniel,Thomas,Ingram-Cowan
919,James,Stewart,Bennett-Bell
920,Tara,Atkins,Tapia-Hill
921,Richard,Ramos,Lin and Sons
922,Jeff,Melton,"Keller, Dunn and Terrell"
923,Carrie,Durham,"Middleton, Meyer and Black"
924,Jeffrey,Johnson,Webster PLC
925,Cynthia,Simmons,Johnson-Wilson
926,Stephen,Bray,Sawyer-Dickson
927,Kelly,Butler,Olson Ltd
928,Gregory,Chavez,Cohen LLC
929,Douglas,Osborne,Hernandez Inc
930,Anna,Summers,Hubbard Inc
931,Hannah,Snyder,Moore-Daniel
932,Lori,Boyd,"Lee, Watts and Jordan"
933,Amber,Maddox,Reyes-Gill
934,Henry,Dennis,"Goodman, Cardenas and Lynch"
935,Daniel,Thompson,Patterson LLC
936,Brittany,Stafford,Watkins-Blake
937,Thomas,Watson,"Foster, Jordan and Lopez"
938,Cassandra,Ross,"Young, Vargas and Riddle"
939,Gerald,Freeman,Diaz-Walton
940,Paul,Gomez,Hernandez-Gonzalez
941,Nicholas,Stephens,Johnson Ltd
942,Alexander,Sexton,Dean-Weiss
943,Andrea,Roberts,Lindsey-Smith
944,Tara,Mathis,"Moore, Bates and Roberts"
945,Anthony,Hancock,Hess-Acosta
946,Jennifer,Estrada,Hubbard LLC
947,Frank,Porter,Fischer Ltd
948,Megan,Little,"Lopez, Campbell and Morgan"
949,Gary,Rodriguez,Gordon Inc
950,Crystal,Fry,"Hughes, Crawford and Pope"
951,Connor,Huber,Evans LLC
952,Joshua,Taylor,Flynn-Moss
953,Angela,May,Johnson-Oneill
954,Nicole,Lane,"Mason, Kennedy and Burke"
955,Michelle,Davis,Vance-Watson
956,Michael,Davis,Hale PLC
957,Billy,Cole,"Morrow, Andrews and Evans"
958,James,Jones,Chapman Inc
959,Michelle,Garcia,Marshall LLC
960,Abigail,Turner,Sloan Inc
961,Erica,Sandoval,Lopez-Flores
962,Caitlin,Washington,Lee Group
963,Michael,Combs,"Mcdaniel, Williams and Lee"
964,Brandi,Shelton,"Smith, Alvarez and Thomas"
965,Jennifer,White,Rodriguez and Sons
966,Nathan,Chen,"Henderson, Arnold and Baird"
967,Angela,Baird,Hunter LLC
968,Samuel,Miller,Rollins PLC
969,Michael,Jarvis,Johnson-Peters
970,Melissa,Stewart,Lane and Sons
971,Spencer,Dougherty,Cunningham-Lane
972,Jacqueline,Osborn,Brewer LLC
973,Richard,Johnson,Burke Ltd
974,Robert,Goodman,Lyons-Harris
975,Donald,Martin,Palmer-Dean
976,David,Phillips,Wolf-Taylor
977,Xavier,Green,Harris-Marks
978,Thomas,Moss,Davis-Price
979,Kathy,Hernandez,Taylor-Munoz
980,Christina,Hall,Day-Brown
981,Michelle,Elliott,Hogan-Morgan
982,Andrea,Allen,Walker-Jones
983,Ryan,Chavez,Ortega-Curry
984,Christine,Malone,Anderson LLC
985,Joshua,Ross,Reed-Woods
986,Shirley,Nelson,"Howard, Thompson and Guerra"
987,Jonathan,Davis,"Robinson, Gonzalez and Duncan"
988,Sharon,Fields,Kramer and Sons
989,Robin,Brewer,Gonzalez-Black
990,Jose,Carson,Morales Ltd
991,Carrie,Morris,Cantrell-Alvarez
992,Teresa,Woods,Ellis Group
993,Troy,Velasquez,Hill-Reed
994,Luke,Donaldson,Combs PLC
995,Patrick,Russo,Ochoa-Rosario
996,Melanie,Brown,Shaw Ltd
997,Jesus,Donovan,Mendoza-Larson
998,Kevin,Green,"Brown, Clark and Schultz"
999,Jessica,Davis,Brown Inc
1000,Todd,Bailey,Jackson LLC
