DEPTNO,DEPT_NAME,MANID,LOCATION
D/001,Career Dept,M/574,Brianfurt
D/002,By Dept,M/796,East Janet
D/003,Enough Dept,M/160,Lake Maria
D/004,Since Dept,M/337,Mosleyton
D/005,Agreement Dept,M/660,Kaylaport
D/006,Bar Dept,M/644,Adkinsland
D/007,Very Dept,M/970,Scottstad
D/008,His Dept,M/089,Larafurt
D/009,General Dept,M/794,North Anna
D/010,Boy Dept,M/072,New Christopher
D/011,Door Dept,M/955,Lake Tara
D/012,Key Dept,M/910,West Kathleenside
D/013,Free Dept,M/030,Arthurview
D/014,Whatever Dept,M/399,Port Jamesside
D/015,Mr Dept,M/358,Seanberg
D/016,Perform Dept,M/267,Lake Renee
D/017,Forward Dept,M/964,Cristianland
D/018,Two Dept,M/114,New Michael
D/019,Partner Dept,M/135,South Aaron
D/020,Manage Dept,M/824,Ericaville
D/021,Republican Dept,M/551,Davidborough
D/022,Get Dept,M/235,Smithbury
D/023,Close Dept,M/542,Scottview
D/024,Offer Dept,M/617,Lake Harold
D/025,Start Dept,M/908,Hansenchester
D/026,Tonight Dept,M/210,North Jeff
D/027,Agreement Dept,M/136,Zacharychester
D/028,Throw Dept,M/380,South Sabrinaton
D/029,Degree Dept,M/543,Smithshire
D/030,Money Dept,M/303,South Kathy
D/031,Can Dept,M/761,Toddhaven
D/032,Lot Dept,M/091,Mcconnellborough
D/033,Serve Dept,M/927,Anitabury
D/034,Across Dept,M/971,Adamhaven
D/035,Bill Dept,M/786,Quinnmouth
D/036,Type Dept,M/903,Connorfurt
D/037,Test Dept,M/536,Munozton
D/038,Power Dept,M/351,Erintown
D/039,Father Dept,M/092,New Carolynton
D/040,Start Dept,M/925,Crystalmouth
D/041,Feel Dept,M/930,Grantville
D/042,Major Dept,M/727,North Philipfurt
D/043,President Dept,M/517,South Michael
D/044,Thing Dept,M/336,Hollyhaven
D/045,Man Dept,M/264,Carrollton
D/046,Gas Dept,M/249,Saraburgh
D/047,Claim Dept,M/855,West Michaelhaven
D/048,Open Dept,M/187,North Melissa
D/049,Peace Dept,M/345,Port Lauren
D/050,Image Dept,M/305,Rebeccamouth
D/051,Nothing Dept,M/747,South Sarah
D/052,Marriage Dept,M/270,East Chadberg
D/053,Source Dept,M/322,Staceyport
D/054,Quite Dept,M/779,West Andrewview
D/055,Month Dept,M/660,Marystad
D/056,Take Dept,M/766,Ryanport
D/057,Other Dept,M/685,Bradleychester
D/058,Claim Dept,M/667,Santosfurt
D/059,Hope Dept,M/212,Josehaven
D/060,Four Dept,M/284,East Amandaside
D/061,Boy Dept,M/403,Robinview
D/062,Dark Dept,M/461,West Anthonymouth
D/063,Help Dept,M/119,Johnsonfurt
D/064,Truth Dept,M/683,New Kristina
D/065,Check Dept,M/102,East Jeffrey
D/066,Word Dept,M/834,Port Brian
D/067,Box Dept,M/900,East Vanessa
D/068,Within Dept,M/331,West Michaelberg
D/069,Officer Dept,M/187,Strongview
D/070,Do Dept,M/622,Justinhaven
D/071,View Dept,M/844,North Jennifer
D/072,Choose Dept,M/595,New Jeremyburgh
D/073,Traditional Dept,M/222,Hardyport
D/074,Significant Dept,M/862,Port Cheryl
D/075,Be Dept,M/308,East Davidmouth
D/076,When Dept,M/461,Gregoryfurt
D/077,Character Dept,M/254,Williamsonfurt
D/078,Program Dept,M/970,Michaelburgh
D/079,Sometimes Dept,M/068,Belindaton
D/080,Research Dept,M/448,South Brian
D/081,Save Dept,M/110,Robertton
D/082,Road Dept,M/528,Darrylville
D/083,Authority Dept,M/488,Hernandezside
D/084,Cut Dept,M/871,West Karifurt
D/085,Hard Dept,M/976,East Kathy
D/086,Message Dept,M/218,Lesliestad
D/087,School Dept,M/698,Johnsonmouth
D/088,Significant Dept,M/168,Port Reginaside
D/089,Wrong Dept,M/781,East Stephaniefort
D/090,Term Dept,M/293,Edwardmouth
D/091,Purpose Dept,M/597,North Rebecca
D/092,Glass Dept,M/673,Jonesstad
D/093,News Dept,M/619,Port Allenmouth
D/094,Why Dept,M/569,Jenkinstown
D/095,Newspaper Dept,M/514,South Joseph
D/096,Yard Dept,M/067,Port Katelynside
D/097,As Dept,M/364,Perezhaven
D/098,Specific Dept,M/745,Josemouth
D/099,Probably Dept,M/426,East Annette
D/100,Room Dept,M/160,Lake Gavinville
D/101,Down Dept,M/920,Port Maria
D/102,Past Dept,M/997,Joseburgh
D/103,Treatment Dept,M/636,East Nicole
D/104,Close Dept,M/382,Kathrynville
D/105,Whose Dept,M/671,South Scott
D/106,Conference Dept,M/233,New Eric
D/107,Hundred Dept,M/344,Christinaport
D/108,Fine Dept,M/443,Erinhaven
D/109,Still Dept,M/609,New Alexander
D/110,Trade Dept,M/301,South Lori
D/111,List Dept,M/376,Robertsport
D/112,Away Dept,M/581,South Joseph
D/113,Land Dept,M/202,Spencerbury
D/114,Foreign Dept,M/690,West Angelaberg
D/115,Likely Dept,M/523,South Michaelfort
D/116,Always Dept,M/612,East Destinyton
D/117,Bar Dept,M/954,East Jill
D/118,International Dept,M/756,Johnshire
D/119,Guy Dept,M/404,Benjaminborough
D/120,American Dept,M/105,Candicehaven
D/121,Agency Dept,M/032,Hamptonmouth
D/122,Kitchen Dept,M/933,Henrybury
D/123,Lead Dept,M/630,Fosterhaven
D/124,Energy Dept,M/884,New Jordan
D/125,Here Dept,M/098,Davidsonbury
D/126,System Dept,M/405,Kimberlyside
D/127,Lot Dept,M/856,Fisherberg
D/128,It Dept,M/749,West Gregoryfurt
D/129,Professor Dept,M/846,Medinachester
D/130,Three Dept,M/028,Darleneport
D/131,Too Dept,M/354,Port Coreyborough
D/132,Rise Dept,M/889,Jamesburgh
D/133,Identify Dept,M/376,East Kimberlyborough
D/134,Western Dept,M/940,Port Aaron
D/135,Sea Dept,M/021,Brittanybury
D/136,Citizen Dept,M/347,Christinemouth
D/137,Often Dept,M/902,West Timothy
D/138,Attack Dept,M/464,East Timothyton
D/139,Build Dept,M/504,Port Anna
D/140,Read Dept,M/800,North Isaacfurt
D/141,Successful Dept,M/778,North Anna
D/142,Rest Dept,M/946,West Kristinaton
D/143,System Dept,M/838,Wileyborough
D/144,Anything Dept,M/846,Robinsonfort
D/145,Act Dept,M/017,North Rebecca
D/146,Page Dept,M/577,Smithside
D/147,Him Dept,M/084,Jeffersonfort
D/148,Whether Dept,M/052,Davidtown
D/149,Song Dept,M/324,West David
D/150,Sense Dept,M/938,Lake Davidborough
D/151,Economic Dept,M/089,Reedside
D/152,Heart Dept,M/125,South Carlville
D/153,Only Dept,M/019,North Michaelton
D/154,Whose Dept,M/335,Weberberg
D/155,Authority Dept,M/065,Port Jamesfurt
D/156,Because Dept,M/977,Richardston
D/157,Field Dept,M/228,Port Daniel
D/158,Matter Dept,M/293,Barrerafurt
D/159,Give Dept,M/654,West Zachary
D/160,Huge Dept,M/621,Jamieview
D/161,Issue Dept,M/032,Holmesborough
D/162,Change Dept,M/199,Stevenmouth
D/163,World Dept,M/180,North Christinaside
D/164,Quality Dept,M/830,Stacyburgh
D/165,Look Dept,M/683,Angelachester
D/166,Player Dept,M/647,South Donnahaven
D/167,Really Dept,M/760,North Zoeville
D/168,Why Dept,M/307,Adamsburgh
D/169,Kid Dept,M/295,Danaburgh
D/170,Age Dept,M/698,Codyfort
D/171,Me Dept,M/068,Lake Sarahchester
D/172,Place Dept,M/792,Martinside
D/173,The Dept,M/042,Beckberg
D/174,Teach Dept,M/613,West Shawn
D/175,If Dept,M/044,Graystad
D/176,Part Dept,M/721,Vasquezhaven
D/177,Under Dept,M/418,Jonesport
D/178,Knowledge Dept,M/546,South Justinhaven
D/179,Race Dept,M/873,East Vanessa
D/180,What Dept,M/610,Port Jason
D/181,Key Dept,M/261,Reneemouth
D/182,Account Dept,M/232,Nancyshire
D/183,Effort Dept,M/099,Hicksburgh
D/184,Be Dept,M/247,New Brittany
D/185,Behavior Dept,M/382,New Angelatown
D/186,Out Dept,M/872,Lake Devon
D/187,Parent Dept,M/049,New Norma
D/188,Likely Dept,M/523,North Madisonfort
D/189,Television Dept,M/009,Port Victoria
D/190,Class Dept,M/637,Bretthaven
D/191,Season Dept,M/766,Port Andrewtown
D/192,Use Dept,M/363,West Kristopher
D/193,Hotel Dept,M/930,Michaelmouth
D/194,Somebody Dept,M/802,New Timothybury
D/195,Time Dept,M/619,Smithfort
D/196,Owner Dept,M/649,West Jeffreyfort
D/197,Drop Dept,M/395,Sextonbury
D/198,Kid Dept,M/292,Aguirreshire
D/199,Item Dept,M/249,Port Gabrielfurt
D/200,Their Dept,M/990,New Jerry
D/201,Should Dept,M/333,Moorechester
D/202,Up Dept,M/008,West Brandonfurt
D/203,Head Dept,M/504,Lake Sarahtown
D/204,Ask Dept,M/519,North Angelachester
D/205,Serious Dept,M/400,Santosport
D/206,Through Dept,M/116,West Juan
D/207,Head Dept,M/445,North James
D/208,Worker Dept,M/810,Delgadotown
D/209,Approach Dept,M/124,South Matthewburgh
D/210,Treatment Dept,M/522,Brownfurt
D/211,Student Dept,M/146,Hernandezchester
D/212,Mean Dept,M/972,Lake Ryan
D/213,Theory Dept,M/857,Johnview
D/214,Middle Dept,M/922,West Richardfort
D/215,Fire Dept,M/275,Port Bethstad
D/216,Challenge Dept,M/406,Rochabury
D/217,Station Dept,M/841,Mckinneyberg
D/218,Dog Dept,M/694,North Yvonne
D/219,Budget Dept,M/237,Jenkinsview
D/220,Yeah Dept,M/469,Prestontown
D/221,Bar Dept,M/794,Allenmouth
D/222,Budget Dept,M/211,West Patrickchester
D/223,Allow Dept,M/444,West Evelyn
D/224,Maintain Dept,M/602,East Theresa
D/225,Tax Dept,M/106,North Dennismouth
D/226,Work Dept,M/760,New Jeremychester
D/227,Like Dept,M/040,Brianburgh
D/228,Wear Dept,M/836,West Kristibury
D/229,Security Dept,M/755,North Bruceside
D/230,Expect Dept,M/331,Kellyshire
D/231,Significant Dept,M/821,Mendozaton
D/232,Water Dept,M/196,Brandonton
D/233,Industry Dept,M/746,Port Laceyland
D/234,Oil Dept,M/812,East Trevorshire
D/235,Rich Dept,M/592,Port Christina
D/236,Down Dept,M/266,Port Lee
D/237,Both Dept,M/358,Tammychester
D/238,Major Dept,M/480,Lake John
D/239,Commercial Dept,M/817,South Bradley
D/240,Surface Dept,M/007,New Janet
D/241,Though Dept,M/786,Alexton
D/242,Bar Dept,M/752,West Briana
D/243,This Dept,M/729,Pittsmouth
D/244,Opportunity Dept,M/893,New Jamesmouth
D/245,Buy Dept,M/729,Jimenezburgh
D/246,Development Dept,M/089,West Robert
D/247,Day Dept,M/867,Griffinberg
D/248,Cover Dept,M/034,East Andrew
D/249,North Dept,M/756,Danielton
D/250,Position Dept,M/607,Alexisville
D/251,Candidate Dept,M/193,South Sabrinamouth
D/252,Thank Dept,M/692,New Stephaniemouth
D/253,Remember Dept,M/602,New Kelly
D/254,Social Dept,M/897,South Devin
D/255,Statement Dept,M/747,Jacobborough
D/256,Alone Dept,M/561,Port Gregory
D/257,Boy Dept,M/286,South Pamela
D/258,Meet Dept,M/386,East Tabitha
D/259,Foot Dept,M/632,Jenniferfurt
D/260,Development Dept,M/657,New Jessicatown
D/261,Buy Dept,M/506,West Taylor
D/262,Sister Dept,M/717,New Deannafurt
D/263,Fall Dept,M/330,Walshport
D/264,Science Dept,M/631,Burkefort
D/265,Spring Dept,M/482,East Lauraside
D/266,Affect Dept,M/942,Cherylchester
D/267,Discussion Dept,M/656,Terriville
D/268,Least Dept,M/157,North Meganshire
D/269,Consider Dept,M/716,Holmeshaven
D/270,His Dept,M/166,Boydport
D/271,Tough Dept,M/458,Port Samanthaburgh
D/272,Able Dept,M/559,South Valerie
D/273,Floor Dept,M/132,Stewartburgh
D/274,Leave Dept,M/538,North Johnny
D/275,And Dept,M/899,Timothyshire
D/276,Go Dept,M/548,Lake Lorrainemouth
D/277,Artist Dept,M/303,Anthonyshire
D/278,Ability Dept,M/297,Pamelachester
D/279,Statement Dept,M/660,Jenniferberg
D/280,Development Dept,M/699,West Amanda
D/281,Half Dept,M/804,Davidside
D/282,Cover Dept,M/775,Thomasstad
D/283,Market Dept,M/371,Carsonton
D/284,Magazine Dept,M/412,Glennton
D/285,Morning Dept,M/297,Dorseyburgh
D/286,Seek Dept,M/825,West Jennifer
D/287,Approach Dept,M/985,Masonshire
D/288,Night Dept,M/018,Jorgestad
D/289,Opportunity Dept,M/750,Brandonfurt
D/290,When Dept,M/611,Stonefort
D/291,Speak Dept,M/584,East Lauraside
D/292,Everybody Dept,M/205,Johnsonton
D/293,Reduce Dept,M/371,New Matthewton
D/294,Indeed Dept,M/635,Stephanieport
D/295,One Dept,M/058,North Scott
D/296,Difficult Dept,M/314,Christopherview
D/297,National Dept,M/496,Zacharyview
D/298,Business Dept,M/356,Millerfort
D/299,Wrong Dept,M/535,Leechester
D/300,Explain Dept,M/546,Lake Glenn
D/301,Close Dept,M/800,Richardfurt
D/302,Participant Dept,M/318,Janicemouth
D/303,Keep Dept,M/806,Port Michaelberg
D/304,Time Dept,M/179,Brownmouth
D/305,Nor Dept,M/017,Port Emilyland
D/306,Film Dept,M/090,Lake Felicia
D/307,Partner Dept,M/897,Masonview
D/308,Fight Dept,M/342,Randyshire
D/309,West Dept,M/405,Kelseyville
D/310,Program Dept,M/150,South Johnnyburgh
D/311,Fine Dept,M/141,Port Charlesland
D/312,Medical Dept,M/714,North Melissaville
D/313,Claim Dept,M/935,Marilynside
D/314,Your Dept,M/721,Victoriaview
D/315,Nor Dept,M/806,North Stevenfort
D/316,Later Dept,M/137,Port Diamondmouth
D/317,From Dept,M/373,East Melissastad
D/318,Think Dept,M/250,South Benjaminchester
D/319,Accept Dept,M/328,Fergusontown
D/320,Nothing Dept,M/288,Burnetttown
D/321,The Dept,M/810,Port Joshuaton
D/322,Huge Dept,M/111,West Rachelland
D/323,Very Dept,M/338,Davisport
D/324,Attorney Dept,M/347,Port Zacharyburgh
D/325,Short Dept,M/240,Seanberg
D/326,Special Dept,M/713,Hubbardview
D/327,Somebody Dept,M/400,Andersonview
D/328,Spring Dept,M/788,Woodville
D/329,Nothing Dept,M/333,Alvinbury
D/330,Star Dept,M/871,North Rickyville
D/331,Entire Dept,M/694,Angelicaview
D/332,Analysis Dept,M/355,Port Jamesburgh
D/333,Idea Dept,M/788,Kleinport
D/334,Piece Dept,M/756,Cainfurt
D/335,Develop Dept,M/764,North Catherine
D/336,Performance Dept,M/067,Timothyport
D/337,Administration Dept,M/992,Meganmouth
D/338,Really Dept,M/242,East Nathan
D/339,Television Dept,M/532,Johnsonside
D/340,Only Dept,M/901,Port Michael
D/341,Say Dept,M/660,East Ericamouth
D/342,Eat Dept,M/820,East Janicetown
D/343,Go Dept,M/433,Carolynborough
D/344,Southern Dept,M/240,West Alanbury
D/345,Because Dept,M/877,North Dawnborough
D/346,Tv Dept,M/951,Lake Laura
D/347,Generation Dept,M/667,New Christina
D/348,Under Dept,M/838,Cherylberg
D/349,Sign Dept,M/525,Heatherport
D/350,Mission Dept,M/367,Pattersonhaven
D/351,Reduce Dept,M/197,Kimberlyland
D/352,There Dept,M/029,Morenoberg
D/353,Hospital Dept,M/342,Kathleenmouth
D/354,With Dept,M/798,Dylanhaven
D/355,Store Dept,M/138,Lake Ronald
D/356,Firm Dept,M/987,Taylorton
D/357,Hundred Dept,M/592,Smithberg
D/358,Water Dept,M/397,Judithfort
D/359,How Dept,M/212,Port Diana
D/360,Recently Dept,M/252,Smithborough
D/361,Research Dept,M/586,Gonzalezton
D/362,Personal Dept,M/584,Rebeccaville
D/363,Hard Dept,M/244,Danielmouth
D/364,Heart Dept,M/781,Stanleyport
D/365,Common Dept,M/167,New Travisberg
D/366,Produce Dept,M/449,Port Chloe
D/367,Apply Dept,M/584,South Ashleychester
D/368,Building Dept,M/986,West Timothybury
D/369,Process Dept,M/951,Kellerstad
D/370,Civil Dept,M/752,Lake Stephen
D/371,Save Dept,M/477,Lake Joanne
D/372,Crime Dept,M/668,Rachelburgh
D/373,Heart Dept,M/032,Yvettemouth
D/374,Model Dept,M/095,Priceville
D/375,Rule Dept,M/497,Ortegaport
D/376,Get Dept,M/839,Port Alexanderville
D/377,Open Dept,M/970,Austinbury
D/378,Benefit Dept,M/787,Port Mark
D/379,Of Dept,M/527,Port Ashley
D/380,Item Dept,M/892,Williamsfurt
D/381,Forget Dept,M/930,Hartmanhaven
D/382,Try Dept,M/643,Hardystad
D/383,Up Dept,M/145,Lake Connie
D/384,Test Dept,M/325,Port Toddstad
D/385,Tough Dept,M/892,West Craig
D/386,Price Dept,M/713,Knoxborough
D/387,According Dept,M/993,Nelsonview
D/388,Situation Dept,M/409,New Denisechester
D/389,Wrong Dept,M/188,Foxbury
D/390,Speak Dept,M/138,Karenstad
D/391,Fall Dept,M/532,North Davidburgh
D/392,Business Dept,M/480,Lake Janice
D/393,New Dept,M/035,North Karenside
D/394,Couple Dept,M/135,Jonathanburgh
D/395,Prepare Dept,M/993,North Summerberg
D/396,Message Dept,M/407,Brookehaven
D/397,Ahead Dept,M/202,New Stephanieburgh
D/398,Eye Dept,M/852,Lewiston
D/399,Idea Dept,M/540,New Maxburgh
D/400,Start Dept,M/695,Angelaberg
D/401,Realize Dept,M/792,Lake Lisastad
D/402,Politics Dept,M/748,New Jamie
D/403,Should Dept,M/941,North Tonya
D/404,Own Dept,M/236,Roweland
D/405,Religious Dept,M/011,Rosariotown
D/406,Green Dept,M/255,New Michellemouth
D/407,Huge Dept,M/003,Port Sueton
D/408,Group Dept,M/882,North Michaelton
D/409,Side Dept,M/091,North Sarahfurt
D/410,Walk Dept,M/228,Wendyland
D/411,Computer Dept,M/911,Aprilland
D/412,Board Dept,M/234,Alexanderville
D/413,From Dept,M/130,South Thomas
D/414,Call Dept,M/900,Kristenchester
D/415,Heavy Dept,M/581,Georgeburgh
D/416,Anything Dept,M/834,Port Michaelland
D/417,Project Dept,M/483,West Margaretside
D/418,Then Dept,M/437,South Davidmouth
D/419,There Dept,M/924,Elizabethberg
D/420,Join Dept,M/046,East Ericberg
D/421,Mrs Dept,M/448,Cindyfurt
D/422,Tonight Dept,M/021,Garyhaven
D/423,Firm Dept,M/990,Larryland
D/424,Song Dept,M/122,Petersonfort
D/425,According Dept,M/067,Port Taylorburgh
D/426,Like Dept,M/700,Port Melinda
D/427,Spend Dept,M/093,New Susan
D/428,She Dept,M/412,East Eric
D/429,Eat Dept,M/948,West Stephaniebury
D/430,Tax Dept,M/806,Vargasside
D/431,Marriage Dept,M/332,East Garyport
D/432,Watch Dept,M/029,Lake Peterport
D/433,Nice Dept,M/583,Danielbury
D/434,Pull Dept,M/328,South Christinaburgh
D/435,Receive Dept,M/043,Port Jonathan
D/436,Open Dept,M/461,Valenciaborough
D/437,Final Dept,M/599,New Nancymouth
D/438,Official Dept,M/008,Nelsonfort
D/439,Oil Dept,M/671,New Patricia
D/440,Use Dept,M/851,South Michaelfort
D/441,Sometimes Dept,M/166,New Autumn
D/442,Record Dept,M/653,Powellland
D/443,Modern Dept,M/811,New Alexandraport
D/444,About Dept,M/532,Eugenechester
D/445,Collection Dept,M/477,Keithchester
D/446,Recognize Dept,M/950,South Madeline
D/447,Easy Dept,M/055,Bryanhaven
D/448,Whose Dept,M/815,East Christopher
D/449,Need Dept,M/554,Williamshaven
D/450,Require Dept,M/347,Dunnstad
D/451,Little Dept,M/598,Lake Johnville
D/452,Huge Dept,M/371,Port Lisa
D/453,Father Dept,M/363,North Jillport
D/454,Firm Dept,M/638,Carlfurt
D/455,Line Dept,M/219,East Pamela
D/456,Market Dept,M/871,Johnsonville
D/457,Wife Dept,M/158,Lake Tiffanyburgh
D/458,At Dept,M/598,Millerville
D/459,Civil Dept,M/087,North Brian
D/460,Such Dept,M/609,West Laura
D/461,Choice Dept,M/319,South Johnburgh
D/462,Need Dept,M/675,New Kimberly
D/463,Its Dept,M/736,West Dana
D/464,Shake Dept,M/937,Port Cynthia
D/465,Senior Dept,M/780,North Gregoryville
D/466,Activity Dept,M/312,Hammondchester
D/467,Up Dept,M/665,West Gary
D/468,Health Dept,M/090,Bonillaport
D/469,Son Dept,M/570,West Angela
D/470,Responsibility Dept,M/047,Gregoryside
D/471,Leave Dept,M/740,Millermouth
D/472,Project Dept,M/261,New Roy
D/473,Best Dept,M/786,Port Jenniferberg
D/474,Authority Dept,M/718,Lake Daniel
D/475,Nature Dept,M/807,West Shannon
D/476,Player Dept,M/939,East Michael
D/477,Others Dept,M/101,Cainland
D/478,Eight Dept,M/255,Lynchborough
D/479,Run Dept,M/044,Christinaville
D/480,Threat Dept,M/571,Williamsonport
D/481,Community Dept,M/459,Littletown
D/482,Eat Dept,M/737,Daychester
D/483,Daughter Dept,M/266,South Ashley
D/484,Particularly Dept,M/427,Avilaview
D/485,Great Dept,M/731,Walkerton
D/486,Put Dept,M/079,Port Bruce
D/487,Prove Dept,M/545,Craigland
D/488,Bank Dept,M/388,East Edwin
D/489,Control Dept,M/886,Newmanhaven
D/490,Season Dept,M/707,South Coryfort
D/491,Generation Dept,M/539,New Williamfurt
D/492,Hot Dept,M/905,South Colleenside
D/493,Two Dept,M/154,North Stephanie
D/494,Structure Dept,M/047,Fisherhaven
D/495,Run Dept,M/520,Burgesschester
D/496,Thought Dept,M/659,North Ryan
D/497,Nearly Dept,M/668,Roachshire
D/498,Wrong Dept,M/531,Port Timothy
D/499,Great Dept,M/460,Eddiefort
D/500,Opportunity Dept,M/330,Kennethport
D/501,Direction Dept,M/652,Christinaton
D/502,Less Dept,M/874,East Sarah
D/503,Actually Dept,M/490,New Cindyhaven
D/504,Deep Dept,M/588,Johnsonburgh
D/505,Individual Dept,M/791,West James
D/506,Write Dept,M/829,Valdezchester
D/507,Direction Dept,M/467,Perkinsshire
D/508,Positive Dept,M/415,Scotttown
D/509,Alone Dept,M/551,Anthonymouth
D/510,Minute Dept,M/910,Lake Todd
D/511,North Dept,M/187,South Joshua
D/512,Past Dept,M/015,Port Christopherfort
D/513,Cover Dept,M/814,Kingfurt
D/514,Huge Dept,M/629,North Sheilaside
D/515,Sign Dept,M/264,New Stacey
D/516,Response Dept,M/515,South Julieshire
D/517,Yet Dept,M/610,North Davidbury
D/518,Character Dept,M/301,Dominicview
D/519,Feel Dept,M/037,Jenniferberg
D/520,Safe Dept,M/478,New Jacob
D/521,Safe Dept,M/717,Fowlerfurt
D/522,Exist Dept,M/829,South Joe
D/523,Cost Dept,M/500,Gallagherburgh
D/524,Defense Dept,M/638,Chrisville
D/525,South Dept,M/423,Alvarezhaven
D/526,You Dept,M/925,Yvonnefort
D/527,Protect Dept,M/160,South Davidside
D/528,West Dept,M/956,Sheliamouth
D/529,Fast Dept,M/575,New Brenda
D/530,Consumer Dept,M/767,Wilsonshire
D/531,North Dept,M/020,Georgefurt
D/532,She Dept,M/528,Fernandoton
D/533,Part Dept,M/222,East Allenbury
D/534,Study Dept,M/061,Clarkborough
D/535,Available Dept,M/834,East Rebeccastad
D/536,Particular Dept,M/395,Monicamouth
D/537,Age Dept,M/670,Melindafurt
D/538,Technology Dept,M/510,Lake Isaiahport
D/539,Catch Dept,M/840,Lake Jeffburgh
D/540,Nor Dept,M/422,East Stevenport
D/541,Vote Dept,M/021,West Diane
D/542,Win Dept,M/256,South Jenniferborough
D/543,Record Dept,M/975,Donnaport
D/544,Decade Dept,M/547,Wilsonside
D/545,Enjoy Dept,M/240,Andrewburgh
D/546,Fly Dept,M/097,North Andrew
D/547,American Dept,M/276,Griffithmouth
D/548,Record Dept,M/483,North Robert
D/549,Whole Dept,M/394,New Christina
D/550,Office Dept,M/112,Andersonfort
D/551,Time Dept,M/616,New Jose
D/552,Institution Dept,M/242,Crystalmouth
D/553,Maintain Dept,M/887,North Sandrafurt
D/554,With Dept,M/011,New Michaelberg
D/555,Game Dept,M/593,South Nicholas
D/556,Choose Dept,M/330,New Charles
D/557,Station Dept,M/398,Port Zachary
D/558,Before Dept,M/770,East Brenda
D/559,Begin Dept,M/428,Keithbury
D/560,Difference Dept,M/994,Vernonbury
D/561,Bed Dept,M/512,East Shannonbury
D/562,Player Dept,M/858,East Laurie
D/563,Hold Dept,M/641,Stephenview
D/564,Democratic Dept,M/035,Port Charleneton
D/565,Away Dept,M/480,North Steven
D/566,Action Dept,M/937,Port Dalefurt
D/567,Forget Dept,M/680,Williamton
D/568,Concern Dept,M/981,West Allison
D/569,Radio Dept,M/220,South Veronicachester
D/570,Rate Dept,M/143,Mirandaburgh
D/571,Argue Dept,M/621,Murphyview
D/572,Develop Dept,M/306,Michaelland
D/573,Teacher Dept,M/700,Kevinberg
D/574,Person Dept,M/278,Timothyland
D/575,Notice Dept,M/166,New Albert
D/576,Pick Dept,M/476,Cameronport
D/577,Much Dept,M/276,Nielsenville
D/578,Carry Dept,M/593,Lake Ashley
D/579,Join Dept,M/204,Fitzgeraldhaven
D/580,Message Dept,M/636,Lake Christopher
D/581,Authority Dept,M/477,East Caseybury
D/582,Tough Dept,M/762,West Kaitlinburgh
D/583,Teach Dept,M/051,New Lindseytown
D/584,To Dept,M/549,South Isaac
D/585,Machine Dept,M/606,Barnesmouth
D/586,Build Dept,M/459,New Phillipstad
D/587,Its Dept,M/853,East Melissaberg
D/588,Indeed Dept,M/629,Isabelshire
D/589,Respond Dept,M/474,Lake Douglas
D/590,Spring Dept,M/029,Haroldbury
D/591,Piece Dept,M/423,Aprilchester
D/592,Whatever Dept,M/542,Stephaniestad
D/593,Drop Dept,M/797,Lake Ernest
D/594,Able Dept,M/359,Josephhaven
D/595,Wife Dept,M/190,West Claytonland
D/596,Late Dept,M/371,North Williamfurt
D/597,Positive Dept,M/307,New Emily
D/598,Right Dept,M/728,Kimberlyshire
D/599,Window Dept,M/377,Martinton
D/600,Subject Dept,M/341,East Robert
D/601,Word Dept,M/944,Lynnburgh
D/602,Rich Dept,M/154,North Paul
D/603,Music Dept,M/389,East James
D/604,Might Dept,M/332,Alexanderberg
D/605,Activity Dept,M/660,Crawfordtown
D/606,Purpose Dept,M/122,Deanberg
D/607,Report Dept,M/862,Port Erin
D/608,Moment Dept,M/752,New Daniel
D/609,Mind Dept,M/827,West Jessicaberg
D/610,Nearly Dept,M/305,Port Jamie
D/611,Listen Dept,M/262,West Matthew
D/612,Save Dept,M/776,North James
D/613,Such Dept,M/886,Angelamouth
D/614,Forward Dept,M/788,Rodriguezmouth
D/615,Natural Dept,M/823,Perkinsview
D/616,Case Dept,M/400,West Gene
D/617,Particular Dept,M/020,Kayleeborough
D/618,Help Dept,M/905,Vegaport
D/619,Growth Dept,M/003,Reynoldschester
D/620,Or Dept,M/923,Jeffreyburgh
D/621,Include Dept,M/953,South Benjaminshire
D/622,Spend Dept,M/385,South Kristenfurt
D/623,Hundred Dept,M/187,West Sharonhaven
D/624,Health Dept,M/384,Port Stephanieville
D/625,Or Dept,M/606,New Lisafort
D/626,Computer Dept,M/098,Cooperville
D/627,Serious Dept,M/767,North Rita
D/628,Enter Dept,M/143,Tracyton
D/629,Benefit Dept,M/339,West Christophertown
D/630,Consider Dept,M/037,Port Autumnfort
D/631,Write Dept,M/692,Stephaniefort
D/632,Small Dept,M/510,Ramirezfort
D/633,Land Dept,M/537,Bartonland
D/634,Sing Dept,M/716,New Robert
D/635,Recently Dept,M/551,Jennybury
D/636,Wish Dept,M/609,Evansfurt
D/637,Former Dept,M/987,Berryton
D/638,Article Dept,M/151,Noahshire
D/639,Feel Dept,M/723,Port Georgeshire
D/640,Whom Dept,M/459,Torresstad
D/641,Billion Dept,M/226,Lake Haley
D/642,Student Dept,M/584,West Laurashire
D/643,Finish Dept,M/294,Olsonhaven
D/644,Process Dept,M/707,Ashleyshire
D/645,Only Dept,M/988,Floresview
D/646,Difficult Dept,M/504,Teresaport
D/647,Happen Dept,M/340,Stephanieville
D/648,Draw Dept,M/602,South Lindsayberg
D/649,Finally Dept,M/424,South Josephbury
D/650,From Dept,M/909,Brownmouth
D/651,Offer Dept,M/817,Fisherport
D/652,Perhaps Dept,M/283,Lake Stanley
D/653,Say Dept,M/842,Jasonbury
D/654,Beautiful Dept,M/033,Evansshire
D/655,Himself Dept,M/670,South Jennifer
D/656,Test Dept,M/104,West Nataliestad
D/657,Television Dept,M/451,Port Michael
D/658,Father Dept,M/179,North Valerieburgh
D/659,About Dept,M/120,Paceburgh
D/660,Despite Dept,M/247,North James
D/661,Ok Dept,M/760,North Brent
D/662,Part Dept,M/615,Lisastad
D/663,Picture Dept,M/512,West Rhondaberg
D/664,In Dept,M/354,Port Stephanie
D/665,Challenge Dept,M/128,East Kimberly
D/666,Without Dept,M/353,South Christinehaven
D/667,Professional Dept,M/736,East Melissa
D/668,Cell Dept,M/315,Williamburgh
D/669,Care Dept,M/070,New Michelle
D/670,Spend Dept,M/844,Dominguezberg
D/671,Smile Dept,M/355,West Kristenside
D/672,Word Dept,M/395,Caldwellburgh
D/673,General Dept,M/994,Parkerburgh
D/674,Recently Dept,M/331,New Andre
D/675,Relate Dept,M/905,West Heatherstad
D/676,Finish Dept,M/525,Danaland
D/677,Which Dept,M/612,Lake Lindatown
D/678,One Dept,M/574,Sanchezport
D/679,Another Dept,M/792,Christopherborough
D/680,Require Dept,M/790,East Glenn
D/681,Strong Dept,M/672,South Bobbyfort
D/682,Me Dept,M/489,Bergburgh
D/683,Popular Dept,M/807,West Rhondashire
D/684,Thought Dept,M/021,Bowersville
D/685,American Dept,M/301,Patelfurt
D/686,Sometimes Dept,M/126,Lake Amandahaven
D/687,Science Dept,M/937,South Geraldborough
D/688,Later Dept,M/286,Ianmouth
D/689,Member Dept,M/998,Penaborough
D/690,Seat Dept,M/612,Gilberttown
D/691,Society Dept,M/075,Kevinland
D/692,Citizen Dept,M/228,Melissamouth
D/693,Sport Dept,M/820,Millerfort
D/694,Son Dept,M/411,Johnborough
D/695,News Dept,M/417,Alyssatown
D/696,This Dept,M/016,Phelpsborough
D/697,Majority Dept,M/647,New Kevin
D/698,Talk Dept,M/361,Garciafurt
D/699,Story Dept,M/166,Fryhaven
D/700,Ball Dept,M/695,Tylerfurt
D/701,Fight Dept,M/099,South Brian
D/702,Couple Dept,M/141,North Michaelfort
D/703,Question Dept,M/381,Stacymouth
D/704,Ball Dept,M/485,Tamarabury
D/705,Throughout Dept,M/115,North Rebecca
D/706,In Dept,M/141,Lake Michaelmouth
D/707,National Dept,M/874,New Stephanie
D/708,Focus Dept,M/401,Smithview
D/709,Stop Dept,M/098,Port Michael
D/710,Six Dept,M/797,New Toddmouth
D/711,Under Dept,M/344,South Hannah
D/712,Hot Dept,M/262,Whiteberg
D/713,Individual Dept,M/868,Littleport
D/714,Staff Dept,M/083,Martinmouth
D/715,Write Dept,M/439,New Allenshire
D/716,Guess Dept,M/880,Kimberlyburgh
D/717,Anyone Dept,M/146,Wattsfurt
D/718,Water Dept,M/543,Smithtown
D/719,Idea Dept,M/219,Lake Erin
D/720,Ten Dept,M/969,Edwinburgh
D/721,Suggest Dept,M/760,West Stephanie
D/722,So Dept,M/815,East Jordanmouth
D/723,Spring Dept,M/092,Sherryland
D/724,Head Dept,M/034,Shawfort
D/725,Development Dept,M/231,South Susanbury
D/726,Trip Dept,M/846,Richardville
D/727,Issue Dept,M/718,South Alexis
D/728,Produce Dept,M/715,Rachelborough
D/729,Moment Dept,M/961,Michaelstad
D/730,Measure Dept,M/798,Gregorystad
D/731,Share Dept,M/517,Lake Christina
D/732,A Dept,M/176,Watsonmouth
D/733,Thought Dept,M/815,East Kimberly
D/734,She Dept,M/037,New Mollyville
D/735,Action Dept,M/059,Smithside
D/736,Control Dept,M/753,Port Carlshire
D/737,Apply Dept,M/131,North Crystal
D/738,Door Dept,M/712,Port Jennifer
D/739,Art Dept,M/722,Catherineborough
D/740,So Dept,M/254,Nguyenfort
D/741,Hit Dept,M/044,Lake Maryfort
D/742,Rise Dept,M/907,New Stephanie
D/743,Free Dept,M/541,Kennethton
D/744,Raise Dept,M/114,Alexanderberg
D/745,Push Dept,M/402,West Alan
D/746,West Dept,M/757,East Jeremiah
D/747,Let Dept,M/996,Davidmouth
D/748,Rich Dept,M/309,South Lacey
D/749,Sell Dept,M/363,West Ericmouth
D/750,Air Dept,M/340,Amandachester
D/751,Available Dept,M/767,Jessicaborough
D/752,Relationship Dept,M/910,South Patricia
D/753,Figure Dept,M/800,Port Kevin
D/754,Catch Dept,M/775,North Catherinemouth
D/755,Executive Dept,M/989,Frankmouth
D/756,Bill Dept,M/351,Port Jonathan
D/757,Television Dept,M/599,Lake Dylan
D/758,Operation Dept,M/701,Ralphland
D/759,Matter Dept,M/447,Mitchellhaven
D/760,Win Dept,M/413,South Gracetown
D/761,School Dept,M/259,West Rebeccastad
D/762,Crime Dept,M/354,New Steven
D/763,Science Dept,M/423,Port Andrewtown
D/764,Size Dept,M/202,Brandonfurt
D/765,Indeed Dept,M/959,New Barbara
D/766,Person Dept,M/814,South Kathleenberg
D/767,Country Dept,M/196,Longville
D/768,We Dept,M/243,Kingbury
D/769,Community Dept,M/444,Maryfort
D/770,Include Dept,M/609,Martinezstad
D/771,Identify Dept,M/927,Port Stefanie
D/772,Off Dept,M/174,Reginaberg
D/773,Open Dept,M/571,East Annamouth
D/774,Economy Dept,M/328,Port Nancychester
D/775,Ago Dept,M/141,Jonathanstad
D/776,One Dept,M/795,West Rachel
D/777,Really Dept,M/239,Galvanhaven
D/778,Return Dept,M/478,North Tammy
D/779,Smile Dept,M/534,Ericville
D/780,Actually Dept,M/557,Salinasfort
D/781,As Dept,M/370,South Megan
D/782,Your Dept,M/108,Flowerstown
D/783,Ten Dept,M/093,North Michaelview
D/784,Involve Dept,M/483,South Steve
D/785,Model Dept,M/106,Port Alejandro
D/786,Enough Dept,M/559,South Laurenville
D/787,Window Dept,M/478,New Jenniferstad
D/788,Beat Dept,M/920,West Latashaton
D/789,Economic Dept,M/503,Harrisborough
D/790,Upon Dept,M/092,Wilsonside
D/791,Environment Dept,M/423,West Kevin
D/792,And Dept,M/800,New Joshua
D/793,Age Dept,M/338,Matthewfurt
D/794,Everybody Dept,M/624,Tarashire
D/795,Opportunity Dept,M/560,Lake Nicoleton
D/796,Million Dept,M/016,South Jennifer
D/797,According Dept,M/541,Andreville
D/798,Power Dept,M/126,East Jordanview
D/799,Red Dept,M/432,Alexisstad
D/800,Truth Dept,M/463,Crystalview
D/801,Subject Dept,M/481,New Jennifer
D/802,Sense Dept,M/807,Port Janetbury
D/803,Note Dept,M/502,Laurenton
D/804,Participant Dept,M/975,Peterston
D/805,Participant Dept,M/702,Fischerchester
D/806,Respond Dept,M/407,New Carolynport
D/807,Table Dept,M/529,Port Raymond
D/808,Real Dept,M/808,Lake Thomas
D/809,Bill Dept,M/650,Jeffreystad
D/810,May Dept,M/753,Port Sarahport
D/811,Most Dept,M/794,Benjaminstad
D/812,Should Dept,M/542,West Jonathan
D/813,Everyone Dept,M/279,Sheilafort
D/814,By Dept,M/612,New Tyler
D/815,First Dept,M/483,East Danaland
D/816,Yes Dept,M/103,Stacymouth
D/817,Sure Dept,M/078,Weberville
D/818,Home Dept,M/929,Daltonmouth
D/819,Stock Dept,M/414,Ericville
D/820,Hard Dept,M/390,Michaelfurt
D/821,Manage Dept,M/496,New Damon
D/822,Past Dept,M/637,South Cherylburgh
D/823,Nor Dept,M/830,East Vincentmouth
D/824,Compare Dept,M/574,Lake Johnfort
D/825,Through Dept,M/604,West Erikahaven
D/826,Dog Dept,M/710,Larryville
D/827,Parent Dept,M/856,Richardborough
D/828,Television Dept,M/384,Port Dillonport
D/829,Six Dept,M/097,West Meagan
D/830,Finish Dept,M/347,Joseland
D/831,Policy Dept,M/378,New Emilyshire
D/832,Arrive Dept,M/973,East Toni
D/833,Share Dept,M/842,New Jessica
D/834,Member Dept,M/417,Emilyshire
D/835,Congress Dept,M/583,Rickytown
D/836,Big Dept,M/585,North Jameschester
D/837,And Dept,M/860,Leblancland
D/838,Door Dept,M/283,North Brian
D/839,Receive Dept,M/158,South Sally
D/840,Third Dept,M/437,Lake Saramouth
D/841,Sure Dept,M/340,East Kaylaburgh
D/842,Teach Dept,M/667,North Sydney
D/843,And Dept,M/608,Harpertown
D/844,A Dept,M/975,Kyletown
D/845,View Dept,M/664,West Stephanie
D/846,Single Dept,M/303,Smithbury
D/847,Less Dept,M/666,Caseystad
D/848,Fact Dept,M/701,Jonesborough
D/849,Phone Dept,M/083,Angelaton
D/850,Reveal Dept,M/099,Dunnview
D/851,Single Dept,M/455,Morrisborough
D/852,Need Dept,M/502,Lake Raymond
D/853,Control Dept,M/157,Robertston
D/854,Base Dept,M/924,Port Brianmouth
D/855,White Dept,M/069,Port Sara
D/856,Effect Dept,M/172,East Pattyville
D/857,Health Dept,M/040,Port Mark
D/858,Skin Dept,M/561,North Javierville
D/859,Herself Dept,M/400,Bensonfurt
D/860,Likely Dept,M/395,South Lindsay
D/861,Clearly Dept,M/139,Evanport
D/862,According Dept,M/206,North Shelia
D/863,Theory Dept,M/809,Sarafurt
D/864,Responsibility Dept,M/823,Saramouth
D/865,These Dept,M/499,Rhodesport
D/866,Method Dept,M/820,West Kenneth
D/867,Figure Dept,M/164,Hardyburgh
D/868,Knowledge Dept,M/903,Jasonstad
D/869,Change Dept,M/221,Lake Vanessabury
D/870,Prove Dept,M/566,North Teresaberg
D/871,Last Dept,M/792,Anthonymouth
D/872,National Dept,M/614,Anthonyville
D/873,Government Dept,M/724,East Helentown
D/874,Very Dept,M/858,Georgeland
D/875,Have Dept,M/814,Hullview
D/876,Difficult Dept,M/850,North Markville
D/877,Same Dept,M/629,South Cassie
D/878,Ago Dept,M/196,Jenniferborough
D/879,Table Dept,M/268,Lake Adriennechester
D/880,Figure Dept,M/145,North Justin
D/881,Tv Dept,M/168,East Tammyport
D/882,Clear Dept,M/422,South Eddieville
D/883,Price Dept,M/723,Sanchezfurt
D/884,Art Dept,M/520,North Kimberly
D/885,Official Dept,M/296,Port Desiree
D/886,Traditional Dept,M/366,Gregoryburgh
D/887,Debate Dept,M/225,Lake Jose
D/888,Themselves Dept,M/966,South Brandonport
D/889,Join Dept,M/693,Shanefurt
D/890,Wear Dept,M/008,Brianmouth
D/891,Certain Dept,M/384,Mcintoshshire
D/892,Not Dept,M/547,South Shawn
D/893,Body Dept,M/340,Jenniferfort
D/894,Score Dept,M/860,South Travis
D/895,Follow Dept,M/349,North Jonathan
D/896,Relationship Dept,M/156,Andreashire
D/897,Education Dept,M/804,South Aaronborough
D/898,Parent Dept,M/549,Lake Bradleymouth
D/899,Pull Dept,M/014,Troyland
D/900,Wall Dept,M/713,West Christinaton
D/901,Task Dept,M/833,Perkinsfurt
D/902,Nor Dept,M/854,South Jasminemouth
D/903,Finish Dept,M/292,Cisnerosshire
D/904,Sign Dept,M/078,New Tina
D/905,Question Dept,M/134,Port Tommy
D/906,Million Dept,M/460,New Michaelmouth
D/907,Player Dept,M/297,New Steve
D/908,Left Dept,M/564,Schmidtbury
D/909,Analysis Dept,M/222,Daleburgh
D/910,Value Dept,M/068,Port Anitaville
D/911,Thought Dept,M/197,Anahaven
D/912,Parent Dept,M/455,Reedton
D/913,Art Dept,M/665,Coletown
D/914,Nature Dept,M/511,Frankview
D/915,Though Dept,M/650,North Andrewville
D/916,Stock Dept,M/944,Murrayborough
D/917,Woman Dept,M/316,Grimesport
D/918,Trade Dept,M/391,South Tammy
D/919,Your Dept,M/775,Briggsbury
D/920,List Dept,M/670,Watersview
D/921,Hit Dept,M/938,East Arthur
D/922,Know Dept,M/317,Lindseyville
D/923,Practice Dept,M/224,New Crystalville
D/924,Test Dept,M/486,Lake Michaelville
D/925,Again Dept,M/021,Codyview
D/926,Management Dept,M/144,Joshuafurt
D/927,Data Dept,M/074,East Nicole
D/928,Now Dept,M/659,Lake Laurenmouth
D/929,Lay Dept,M/184,North Dean
D/930,New Dept,M/377,Jaimeshire
D/931,Growth Dept,M/906,Rossfort
D/932,Fine Dept,M/377,East Michaelview
D/933,Mean Dept,M/657,New Marissaburgh
D/934,Turn Dept,M/012,South Curtisfort
D/935,Player Dept,M/934,South Beverlyton
D/936,Front Dept,M/221,Ramirezville
D/937,And Dept,M/705,Carmenhaven
D/938,Draw Dept,M/902,Jonathanport
D/939,Skin Dept,M/485,Gabriellemouth
D/940,Often Dept,M/979,North Alison
D/941,Our Dept,M/489,North Justinfurt
D/942,Report Dept,M/524,North Robertview
D/943,Behavior Dept,M/687,Grahamburgh
D/944,Growth Dept,M/216,Romanfurt
D/945,Town Dept,M/991,Smithmouth
D/946,Floor Dept,M/655,Port Lukefurt
D/947,Successful Dept,M/668,Keithmouth
D/948,Treat Dept,M/954,West Timothy
D/949,Again Dept,M/923,West Melissa
D/950,Instead Dept,M/742,North Tammy
D/951,Exactly Dept,M/647,Lake Jennaberg
D/952,Operation Dept,M/569,New Mollymouth
D/953,Same Dept,M/188,East Adam
D/954,News Dept,M/685,South Nicholasfurt
D/955,People Dept,M/143,Dunnland
D/956,Hold Dept,M/053,Osbornemouth
D/957,Guess Dept,M/004,Lake Cameronside
D/958,Authority Dept,M/782,Smithborough
D/959,Especially Dept,M/239,East Raymond
D/960,Some Dept,M/036,New Rebecca
D/961,Town Dept,M/611,Cobbburgh
D/962,Appear Dept,M/105,Melindafurt
D/963,Author Dept,M/621,Wardtown
D/964,Run Dept,M/392,Heathershire
D/965,Seek Dept,M/383,Connorshire
D/966,Method Dept,M/078,Port Lauren
D/967,Tend Dept,M/874,Anahaven
D/968,Deal Dept,M/624,Sandershaven
D/969,Should Dept,M/618,Sarahview
D/970,Meet Dept,M/462,Cynthiaville
D/971,Couple Dept,M/695,New Shellyview
D/972,Easy Dept,M/068,Peterburgh
D/973,Pressure Dept,M/889,West Melissabury
D/974,Their Dept,M/591,Lewisfurt
D/975,Write Dept,M/762,Greenborough
D/976,Girl Dept,M/734,Sierrafort
D/977,Base Dept,M/061,Hartmanview
D/978,Visit Dept,M/944,Timothyborough
D/979,Benefit Dept,M/555,Morriston
D/980,Indicate Dept,M/725,Deleonland
D/981,At Dept,M/190,South Heather
D/982,Line Dept,M/175,Batesmouth
D/983,Late Dept,M/740,North Charlesshire
D/984,Age Dept,M/401,New Michele
D/985,Head Dept,M/608,East Dianefurt
D/986,Prove Dept,M/625,Lake Bradleyton
D/987,Make Dept,M/852,Meaganton
D/988,Sense Dept,M/510,East Margaretmouth
D/989,Single Dept,M/719,Lake Elizabethmouth
D/990,Along Dept,M/143,Cobbberg
D/991,All Dept,M/613,West Kristin
D/992,Population Dept,M/655,Randallshire
D/993,Get Dept,M/106,Kevinchester
D/994,Tend Dept,M/204,South Amberside
D/995,Offer Dept,M/937,Henryland
D/996,Oil Dept,M/267,Jasonton
D/997,First Dept,M/061,Martinezmouth
D/998,Allow Dept,M/471,Port Douglas
D/999,Return Dept,M/002,Gibsonfurt
D/1000,Measure Dept,M/228,Guerreroshire
