MANID,FNAME,LNAME,GENDER,DOB,SALARY
M/001,Tanya,Harrell,male,1998-01-24,6455757
M/002,Hannah,Dunn,female,1984-07-03,5073788
M/003,Dustin,Barber,female,1999-03-03,3473530
M/004,Darrell,Lewis,male,1989-10-12,4206052
M/005,Patrick,Frederick,male,1991-09-28,3013440
M/006,Lisa,Farmer,female,1997-03-26,964727
M/007,Kimberly,Chase,male,1993-09-17,3327408
M/008,Jennifer,Williams,male,1993-07-12,6280781
M/009,Dana,Collins,female,1985-08-28,1476771
M/010,Stephen,Smith,male,1983-11-04,1916620
M/011,Maria,Lee,female,1983-03-18,4895450
M/012,Jason,Richards,female,1998-07-07,2344148
M/013,Natalie,Carter,male,1980-06-11,5306549
M/014,Jessica,Taylor,female,1993-12-08,2648629
M/015,Michael,Horton,female,1991-09-17,3433007
M/016,Robert,Chang,male,1996-09-09,1277229
M/017,Taylor,Miller,female,1984-07-25,1354518
M/018,Anna,Barton,female,1981-05-14,982645
M/019,Hector,Sanchez,female,1988-09-07,5328761
M/020,Harry,Acosta,male,1992-08-19,3354675
M/021,Matthew,Beck,male,1996-06-13,3631745
M/022,Sara,Kline,female,1984-06-28,1167578
M/023,Jenna,Berry,female,1985-10-22,431057
M/024,Kurt,Rivera,female,1986-08-16,3592704
M/025,James,Dickson,female,1980-04-26,5773602
M/026,Sarah,Graves,female,1983-11-06,3745842
M/027,Patricia,Fuentes,male,1998-08-29,6240832
M/028,Thomas,Mcguire,female,1994-06-01,2106878
M/029,Anthony,Clark,male,1995-12-05,486313
M/030,Shannon,Hicks,male,1982-01-30,6040937
M/031,Jason,Weaver,male,1999-09-04,3346022
M/032,David,Lewis,male,1984-06-10,2999142
M/033,Stephanie,Wong,female,1984-11-15,6297563
M/034,Daniel,Davidson,male,1983-09-05,6797620
M/035,Donna,Dunn,female,1988-08-17,1248256
M/036,William,Hanson,male,1995-05-30,1476252
M/037,Anne,Ross,male,1996-08-02,6699451
M/038,Adam,Koch,male,1987-11-07,6819627
M/039,Micheal,Hartman,female,1981-10-22,1989800
M/040,Carl,Anderson,male,1993-04-03,3132067
M/041,Robert,Herrera,male,2000-06-24,5114156
M/042,Melissa,Knapp,female,1994-10-09,3924824
M/043,Stacey,Wiggins,female,1992-04-19,4447750
M/044,Erin,Rodriguez,female,1990-09-06,3982783
M/045,Crystal,Torres,female,1983-01-07,4572776
M/046,Cole,Young,female,1981-08-03,4322315
M/047,Kathryn,Kelly,male,1987-06-16,5182375
M/048,Anthony,Miller,female,1986-12-12,6021880
M/049,David,Thomas,female,2000-07-19,5573628
M/050,Devin,Hansen,male,1986-01-30,5653656
M/051,Allen,Wells,female,1989-03-29,2528180
M/052,Kirsten,Haynes,female,1990-05-15,2557300
M/053,Adam,Smith,female,1990-05-03,635032
M/054,Sean,Peterson,male,1993-02-24,6211580
M/055,Christopher,Gonzales,female,1992-04-28,6755760
M/056,Ashley,Hernandez,female,1997-01-09,4050380
M/057,Samantha,Shah,female,1997-04-18,1470200
M/058,Amy,Martin,male,1998-04-17,4815847
M/059,Donald,Myers,female,1991-03-23,5008110
M/060,Christina,Roach,female,1999-07-23,2348692
M/061,Erin,Gonzalez,female,1989-11-17,1663309
M/062,Katherine,Kelley,female,1990-07-31,1084807
M/063,Jordan,Elliott,male,1990-02-16,3081753
M/064,Victor,Mccormick,female,1991-07-12,4885461
M/065,Linda,Watts,male,1995-02-08,3139398
M/066,April,Lewis,female,1988-09-28,3626474
M/067,Kathleen,Ritter,female,1998-09-03,6858096
M/068,Joel,Carroll,male,1996-12-10,2094740
M/069,Andrew,Walker,male,1995-03-04,466663
M/070,Christopher,Thompson,female,1996-03-22,4531878
M/071,Philip,Harding,male,1989-06-22,4713572
M/072,Dennis,Webb,male,1995-08-09,4333900
M/073,Larry,Powell,male,1997-07-14,6549315
M/074,Samantha,Townsend,male,1994-05-30,1112708
M/075,Stephanie,Hernandez,female,2000-06-17,1260641
M/076,David,Townsend,male,1997-07-01,545617
M/077,Angel,Bennett,male,1998-06-28,5887983
M/078,Louis,Martinez,male,1988-01-30,6427029
M/079,Ruben,Mclaughlin,female,1988-05-05,1580645
M/080,Mario,Dawson,male,1985-01-19,5623497
M/081,Sara,Rojas,male,1992-11-16,6425215
M/082,Danielle,Bryant,male,1996-01-10,5156939
M/083,Amber,Wallace,male,1984-04-29,4583149
M/084,David,Stein,male,1998-04-15,4361084
M/085,Shannon,Humphrey,female,1999-09-11,6900672
M/086,Joseph,Beltran,male,1990-06-18,4846371
M/087,Sara,Moore,male,1981-08-03,2236299
M/088,Matthew,Gonzales,male,1993-11-24,4272111
M/089,Joseph,Smith,male,1996-12-07,4994555
M/090,Michael,Smith,female,1991-10-04,2009635
M/091,Michael,Duran,male,1986-04-03,5004300
M/092,Clinton,Estrada,male,1986-04-30,2196212
M/093,Roy,Marquez,female,1986-11-25,3987802
M/094,Sarah,Moon,female,1984-11-09,6483379
M/095,Tiffany,White,male,1996-07-15,6106677
M/096,Amber,Edwards,female,1990-03-01,4648299
M/097,Andrea,Lee,male,1997-09-14,6662645
M/098,Jacob,Larson,female,1984-07-21,5203879
M/099,Elizabeth,Chung,male,1991-05-03,6676237
M/100,Breanna,Meyer,female,1998-07-28,1663004
M/101,Richard,Armstrong,male,1984-11-12,6774125
M/102,Edward,Long,female,1988-02-09,2296931
M/103,Nathan,Rios,male,1984-03-23,5705588
M/104,Kristopher,Knight,male,1986-07-23,2139710
M/105,Pamela,Harris,male,1999-10-04,1964920
M/106,Jason,Valencia,male,1989-12-30,5158206
M/107,Christy,Douglas,female,1990-11-08,896898
M/108,Tina,Pierce,female,1991-02-20,6010359
M/109,Anna,Burnett,male,1981-03-15,4501304
M/110,Stephanie,Reed,female,1988-11-26,804286
M/111,Bryan,Collins,male,1981-03-24,1692919
M/112,Kimberly,Russell,male,1987-05-23,6380589
M/113,Patrick,Morgan,female,1986-07-29,1781336
M/114,Virginia,Griffin,female,1986-09-11,1221751
M/115,Becky,Gomez,male,1998-02-18,3497371
M/116,Austin,Coleman,female,1991-06-27,6578939
M/117,Lindsey,Miller,female,1985-07-28,2570207
M/118,Eric,Anderson,female,1991-07-06,2778792
M/119,Marc,Shannon,female,1991-01-01,1983632
M/120,Maria,Cruz,male,1988-05-15,3466805
M/121,John,Patrick,male,1986-02-23,3867838
M/122,Michael,Thomas,female,1984-11-29,2383153
M/123,Brandon,Dodson,female,1984-04-30,5951822
M/124,Christopher,Walsh,female,1990-09-21,1900753
M/125,Gregory,Walter,female,1993-08-27,3062555
M/126,Brittany,Wright,female,1986-06-07,5695132
M/127,Olivia,Bartlett,male,1990-08-04,2218923
M/128,Lisa,Mcclure,female,1991-09-30,1517637
M/129,Christopher,Cooper,male,1990-07-10,3103219
M/130,Robert,Flores,male,1983-03-22,3976649
M/131,John,Green,male,1995-07-25,5031848
M/132,Stephanie,Hall,female,1997-03-15,5333963
M/133,Craig,Roberson,female,1996-09-27,3710147
M/134,Derek,Williams,female,1980-06-13,5208042
M/135,Christine,Pitts,male,1992-06-11,6218966
M/136,Melissa,Perry,male,1996-09-30,4246755
M/137,Roy,Smith,male,1995-11-04,507321
M/138,Patrick,Juarez,female,1980-09-24,2883063
M/139,Christopher,King,male,1997-09-24,930667
M/140,Travis,Chavez,male,1992-01-02,5820907
M/141,Ashley,Thompson,female,1980-09-09,2279944
M/142,James,Alvarez,male,1982-11-06,4924304
M/143,Rose,Rivera,male,1987-03-12,3851461
M/144,Rita,Bennett,male,1983-11-12,4278378
M/145,Sean,Patel,female,1984-04-04,3231178
M/146,Taylor,Massey,male,1992-08-10,2971350
M/147,Mark,Willis,male,1993-12-22,2738194
M/148,Michael,Garcia,male,1983-03-14,4460483
M/149,Steven,Jones,male,1984-11-09,6854067
M/150,Megan,Thompson,male,1997-07-29,2310514
M/151,Sandra,Wiggins,female,1980-01-31,6879810
M/152,Amy,Barajas,male,1994-03-25,6638997
M/153,Chad,Campbell,male,1990-11-07,6532894
M/154,Tony,Jones,female,1997-02-03,6253509
M/155,Lynn,Carpenter,female,1998-04-18,5829657
M/156,Pamela,James,male,1995-09-20,636291
M/157,Adriana,Stephens,male,1987-10-28,4430758
M/158,James,Ward,female,1985-05-28,1556497
M/159,Christina,Jacobs,female,1989-01-19,2465753
M/160,Roy,Harvey,male,1986-02-19,4530670
M/161,Courtney,Collins,female,1984-12-18,1045191
M/162,Michelle,Wright,female,1980-03-22,6353907
M/163,Sandra,Chandler,female,1987-08-27,5380343
M/164,Chad,Thompson,female,1987-09-11,6893429
M/165,William,Robinson,female,1991-01-21,6305987
M/166,Lance,Skinner,male,1987-09-17,5031588
M/167,Joseph,Levine,female,1998-12-07,972769
M/168,Jeremy,Foley,male,1983-04-06,5911193
M/169,Daniel,Wilson,female,1984-04-05,6177795
M/170,Peter,Murray,female,1993-12-30,980823
M/171,Nicole,Cooper,male,1997-07-06,2263317
M/172,Matthew,Horton,male,1986-09-25,1318931
M/173,Emily,Thompson,male,1980-10-14,4768259
M/174,Joseph,Hernandez,female,1990-10-14,5318906
M/175,Michael,Clayton,female,1989-11-19,2237502
M/176,Barbara,Lawson,female,1988-10-10,5800955
M/177,Clinton,Patterson,male,1988-10-11,1370121
M/178,Crystal,Brown,female,2000-12-29,629951
M/179,Brenda,Rodriguez,female,1983-04-18,6119309
M/180,Stacey,Cohen,female,1994-11-09,5229858
M/181,Christopher,Navarro,male,1999-07-13,816931
M/182,Sandra,Chen,female,1985-08-09,4038938
M/183,Brittany,Clark,male,1992-07-18,1548266
M/184,Joseph,Brown,female,1998-09-25,4365233
M/185,Stephanie,Campbell,female,1987-05-23,6606841
M/186,Timothy,Hart,male,2000-12-22,478261
M/187,Timothy,Peterson,female,1986-06-17,2595910
M/188,Thomas,Jones,male,1988-01-08,3704099
M/189,Madeline,Butler,female,1980-06-06,5492427
M/190,Mackenzie,Carroll,male,1995-03-04,3560305
M/191,Jason,Bell,male,1991-05-03,2148264
M/192,Amy,Hernandez,male,1980-10-17,4838139
M/193,Timothy,Mckenzie,female,1994-01-08,6932026
M/194,Doris,Fernandez,female,2000-05-26,6010080
M/195,Ashley,Valenzuela,male,1980-09-09,1342706
M/196,David,Curtis,female,1988-02-12,6834787
M/197,Krista,Montgomery,female,1983-11-05,5729589
M/198,Sarah,Morales,female,1990-01-08,2137823
M/199,Robert,Gutierrez,female,1993-10-07,2139545
M/200,Terry,Patel,male,1982-07-04,1111038
M/201,Christopher,Moore,female,1994-12-23,5830119
M/202,Christian,Rios,female,1980-01-01,5346504
M/203,William,Price,male,1993-01-18,6400468
M/204,Jodi,Jones,female,2000-09-30,6661395
M/205,John,Schmidt,male,1992-07-17,3491758
M/206,Jeremy,Bailey,male,1993-02-08,5382770
M/207,Pamela,Zhang,male,1997-06-23,1261928
M/208,Daniel,Khan,female,1999-10-29,1017741
M/209,Kelly,Mack,female,1981-11-19,2908641
M/210,Jennifer,Willis,female,1985-04-28,2411675
M/211,Heather,Hernandez,male,1999-04-16,4934949
M/212,Nicole,Young,male,2000-03-04,2698818
M/213,Sarah,Allen,female,1981-10-29,3421548
M/214,Robert,Smith,male,1987-09-07,1450486
M/215,Cheyenne,Ramirez,male,1997-11-07,3380013
M/216,Todd,Rivera,female,1994-02-25,6747610
M/217,Katherine,Jensen,male,1992-08-22,3576568
M/218,Michael,Wood,male,1995-11-03,2003249
M/219,Martin,Ford,female,1994-07-18,2582967
M/220,Michael,Mason,female,1997-02-07,4334496
M/221,Edward,Young,male,1980-06-26,3819898
M/222,Linda,Green,female,1996-04-11,2244049
M/223,Mary,Ortiz,female,1999-06-22,1887995
M/224,Jeremy,Jefferson,female,1999-11-17,4187954
M/225,Amanda,Suarez,female,1980-02-08,5843212
M/226,Vincent,Austin,female,1982-02-17,1041170
M/227,Steven,Johnson,female,1987-12-01,4276740
M/228,Nicholas,Carr,female,1986-08-07,2356689
M/229,Tammy,Moran,male,1986-07-15,4180412
M/230,Brenda,Hines,female,1988-02-23,5024781
M/231,Jamie,Mcdonald,male,1998-10-15,3114383
M/232,Jeffrey,Miller,female,1985-09-02,1461918
M/233,Jennifer,Mcdonald,male,1983-12-30,4190039
M/234,Amy,Ware,female,1994-10-23,5707365
M/235,Mary,Henderson,male,1984-10-23,4793961
M/236,Jennifer,Johnson,male,1983-01-01,6070108
M/237,Amanda,Valencia,male,1992-02-19,1640613
M/238,Melissa,Richardson,female,1986-05-16,2978692
M/239,Joseph,Dunlap,male,1980-10-23,1175077
M/240,Theresa,Carlson,female,1996-06-08,4904234
M/241,John,Johnson,male,2000-08-11,4461831
M/242,Cameron,Gray,female,1997-12-20,1369354
M/243,Brianna,Phillips,female,1990-03-24,5060543
M/244,Antonio,Atkinson,male,1997-07-22,816326
M/245,Jose,Calderon,female,1998-09-06,4702331
M/246,Scott,Webb,male,1991-12-13,4795716
M/247,Nicholas,Baird,male,2000-06-05,4582338
M/248,Nancy,Jones,male,1984-02-03,3167596
M/249,Larry,Boyer,female,1986-12-29,780031
M/250,Grace,Norton,male,1991-02-18,5636711
M/251,Christopher,Velez,male,1993-11-08,6949637
M/252,Alicia,Williams,female,1981-11-22,2109609
M/253,Nicole,Kelly,female,1984-01-01,6654117
M/254,Christy,Parker,female,1993-12-30,4059566
M/255,Margaret,Jones,female,1982-07-20,1807173
M/256,Jonathon,Owens,female,1982-08-03,1775950
M/257,Michael,Lee,male,1988-10-19,1397079
M/258,Sandra,Fitzpatrick,male,1980-10-17,4523964
M/259,Tommy,Gentry,female,1997-02-21,6863775
M/260,Denise,Taylor,male,1988-08-07,1946239
M/261,Michael,Porter,female,1992-02-01,6760662
M/262,Todd,Jackson,male,1990-10-19,3899569
M/263,Molly,Edwards,male,1981-09-12,4474052
M/264,Brad,Rodriguez,female,1999-07-13,1464199
M/265,Richard,Estrada,female,1987-11-06,453126
M/266,Donna,Kim,female,1980-03-11,899586
M/267,Anna,Holmes,male,1991-12-06,5863520
M/268,Nicole,Wilkinson,female,1993-02-02,6209929
M/269,Taylor,Irwin,male,1991-07-13,2242273
M/270,Julia,Mcintosh,male,1989-04-26,6373567
M/271,Brandi,Lopez,male,1989-05-03,896986
M/272,Amy,Adams,female,1996-12-21,923674
M/273,Kathy,Mccarthy,male,1985-11-11,6446782
M/274,Candace,Wilson,female,1988-03-16,2019506
M/275,John,Owens,female,1999-04-30,1872700
M/276,Katherine,Benson,female,1980-09-13,5980599
M/277,Alyssa,Coffey,female,1994-10-09,6104020
M/278,Andrea,Romero,male,1984-10-22,6383180
M/279,Joshua,Rosario,female,1999-04-04,2659087
M/280,Valerie,Vasquez,female,1986-04-18,2468635
M/281,Kathryn,Mueller,female,1987-04-09,1040766
M/282,Michael,Collins,male,1993-06-15,5885453
M/283,Tristan,Parrish,female,2000-04-10,6212664
M/284,Jamie,Griffin,male,1982-03-24,1867710
M/285,Mark,Erickson,female,1981-01-06,5057611
M/286,Michelle,Grant,female,1990-06-05,4399332
M/287,Sara,Austin,male,1998-04-14,1492651
M/288,Rebecca,Brooks,female,1986-08-17,4086172
M/289,Timothy,Grant,female,1981-11-03,4334848
M/290,Amy,Reynolds,male,1985-11-23,1975608
M/291,Meghan,Villarreal,female,1999-08-08,4052510
M/292,Samantha,Keith,male,1986-11-22,4322066
M/293,Karla,Murphy,female,1983-06-18,1073738
M/294,Nicole,Sanchez,male,1987-08-31,4035624
M/295,Chris,Dixon,female,1997-08-18,2531022
M/296,Andrew,Day,male,1994-01-16,2247052
M/297,Carol,Jones,male,1983-03-13,5166289
M/298,Mary,Baird,female,1991-01-12,2434050
M/299,Alexandra,Williams,female,1987-03-03,6544303
M/300,Christopher,Hale,male,1989-01-11,3166622
M/301,Rachel,Berry,male,1988-12-26,6762429
M/302,Julie,Morgan,female,1981-01-28,2218610
M/303,Hailey,Clark,male,1998-02-10,4193067
M/304,Michelle,Thornton,female,1983-04-04,3503426
M/305,James,Everett,male,1997-12-27,4156559
M/306,Robin,Hinton,male,1985-03-16,3695430
M/307,Terrence,Carlson,male,1995-12-19,5311111
M/308,Lance,Smith,male,1987-03-04,3252763
M/309,Melinda,Vazquez,male,1988-05-13,844302
M/310,Julie,Horton,female,1991-07-22,5516865
M/311,Robert,Drake,male,1987-05-06,4059897
M/312,Robert,Davis,female,1986-08-31,5279169
M/313,Hannah,King,female,1996-05-28,5161669
M/314,Anna,Miller,male,1991-03-20,5936600
M/315,Valerie,Wilson,male,1988-07-18,4692945
M/316,Abigail,Reed,female,1993-11-26,5219208
M/317,Amanda,Kelley,female,1981-02-07,2433789
M/318,Matthew,Scott,male,1990-06-18,1331946
M/319,Rebecca,Long,female,1985-01-23,3314335
M/320,Daniel,Spence,female,1987-08-27,3518229
M/321,Thomas,Gonzales,female,1983-01-19,3816629
M/322,Martin,Huerta,male,1999-10-30,6918663
M/323,Betty,Brooks,female,1980-03-11,2541732
M/324,Anthony,Jackson,female,1993-11-23,4771030
M/325,Sean,Garrett,female,1991-01-11,737356
M/326,Kristine,Johnson,female,1994-10-08,6488626
M/327,Benjamin,Hoffman,male,1997-12-11,643629
M/328,Jacqueline,Kemp,female,1989-09-18,4200552
M/329,Morgan,Price,female,1995-01-05,4890375
M/330,Jennifer,Massey,female,1990-07-19,4390583
M/331,William,Flores,male,1993-08-16,5398551
M/332,Billy,Nelson,female,1998-01-07,1201740
M/333,Jason,Osborne,female,1999-06-13,4097538
M/334,Jenna,Bass,male,1986-04-10,1946597
M/335,Howard,Collier,male,1996-04-24,4953655
M/336,Rachel,Brown,female,1993-01-04,3819137
M/337,Lawrence,Allen,male,1993-08-26,4972752
M/338,John,Holmes,female,1989-09-30,853724
M/339,Christopher,Campbell,female,1995-02-01,5356880
M/340,Marie,Powell,male,1988-01-27,4257368
M/341,William,Newton,male,1980-04-11,1336562
M/342,Matthew,Jones,female,1982-11-17,4132823
M/343,Charles,Johnson,female,1989-09-27,5541820
M/344,Christina,Moran,male,1989-04-09,1029881
M/345,Shawn,Travis,female,1983-10-03,6217103
M/346,Jeffrey,Stevens,female,1985-10-15,3923011
M/347,Sydney,King,male,1984-06-05,1489833
M/348,Marc,Davis,female,1981-07-11,3773491
M/349,Anthony,Donaldson,female,1983-07-08,2023913
M/350,Makayla,Romero,female,1981-03-19,6495809
M/351,Luke,Kelley,female,1989-11-15,1096927
M/352,Tamara,Contreras,male,2000-07-13,6947389
M/353,Nicole,Ayers,male,1980-03-19,811062
M/354,Maxwell,Gonzalez,female,2000-05-13,2924454
M/355,Pamela,Salazar,male,1999-02-03,2294413
M/356,Janet,Johnson,female,2000-10-09,645307
M/357,Dennis,Alvarez,female,1990-04-26,4961749
M/358,Lisa,Gonzalez,male,1999-06-26,3837844
M/359,John,Wilson,male,1991-07-17,1108217
M/360,Michael,Thompson,female,1998-04-11,2898286
M/361,Thomas,Hill,male,1997-10-11,4557936
M/362,Heather,Evans,male,1992-10-09,691717
M/363,Tracy,Green,female,1987-11-04,4982850
M/364,Nathan,Alexander,male,1981-04-01,6878692
M/365,Andrea,Hunt,male,2000-03-22,2062538
M/366,Bruce,Coleman,male,1983-08-12,5977698
M/367,Alexander,Smith,male,1992-04-20,6900890
M/368,Gabrielle,Madden,female,1989-02-02,6448913
M/369,Kimberly,Hayes,male,1992-05-15,744855
M/370,Michael,Martin,female,1994-02-28,1352926
M/371,Madison,Duncan,male,1982-09-24,1612612
M/372,Anthony,Spencer,female,1989-07-17,1156235
M/373,Ryan,Martin,male,1984-09-12,6198319
M/374,Sean,Hoffman,female,1993-08-09,3008456
M/375,Catherine,Shepherd,female,1982-12-18,5735886
M/376,Angel,Martin,male,1981-01-17,4747825
M/377,Brittany,Mathews,male,1987-09-21,6877240
M/378,Tiffany,Williams,male,1981-12-06,4529884
M/379,Aaron,Medina,male,1981-01-05,3092714
M/380,Raymond,Ross,male,1993-07-04,1469882
M/381,Cheyenne,Woods,female,1980-03-05,1058804
M/382,Mark,Martinez,male,1991-01-17,4156298
M/383,Donald,Conner,male,1989-12-10,906538
M/384,Sonya,Estrada,female,1994-12-29,1693572
M/385,Joshua,Flores,female,1996-10-27,6884780
M/386,James,Huang,female,1986-02-16,2239968
M/387,Yvonne,Singleton,male,1986-02-16,3961403
M/388,Patrick,Calderon,male,1994-08-28,4575988
M/389,Vanessa,Stanley,male,1993-08-19,1775525
M/390,Dylan,Preston,female,1986-10-14,1283257
M/391,Eileen,Young,female,1994-04-01,6434330
M/392,Dylan,Johnson,female,1994-12-16,4483148
M/393,Emily,Farrell,female,1983-10-27,1833424
M/394,Allen,Nelson,female,1981-01-15,552844
M/395,Tyler,Bean,male,1994-11-26,2852087
M/396,Mary,Martin,male,1994-10-10,2764384
M/397,John,Bauer,female,1992-12-01,3106452
M/398,Sean,Powers,male,1987-02-21,2136905
M/399,Jasmin,Williams,female,1989-10-03,3973081
M/400,Jack,Long,female,1983-09-06,5629305
M/401,Jeffrey,Gonzalez,male,1989-12-27,1591482
M/402,Kelly,Meyer,female,1990-08-30,1923722
M/403,Kara,Wilcox,female,1998-03-24,1176328
M/404,Jesus,Mills,female,1998-12-25,2187705
M/405,Carl,Barrett,male,1999-12-25,2300052
M/406,Jessica,West,female,1987-10-25,4847200
M/407,Eric,Mcbride,female,1992-08-01,4853633
M/408,Daniel,Brown,female,1989-03-01,1865985
M/409,Ronald,Cole,female,1995-07-28,4679337
M/410,Christopher,Rogers,male,1995-05-11,4700779
M/411,Brandon,Hernandez,female,1981-05-18,3666227
M/412,Matthew,Griffin,female,1995-09-30,1484410
M/413,Jay,Mahoney,male,1996-08-09,4747617
M/414,Tyler,Humphrey,female,1989-12-09,664826
M/415,Lisa,Yang,male,1984-07-17,6187740
M/416,Heather,Morgan,female,1990-06-17,4234810
M/417,Jason,Reyes,male,1988-06-08,3367946
M/418,Donald,Bennett,female,1997-08-16,702851
M/419,Timothy,Murphy,male,1999-12-29,1256437
M/420,Robert,Jones,male,1991-10-22,4463282
M/421,Philip,Phillips,female,1990-04-22,6284976
M/422,Tanner,Martin,male,1987-07-19,3649615
M/423,Joseph,Perkins,female,1986-10-14,5130708
M/424,Kevin,Dawson,female,2000-09-06,4016644
M/425,Paul,Johnson,female,1997-08-13,4497985
M/426,Katherine,Davis,female,1992-08-20,6788601
M/427,Jean,Fitzgerald,female,1982-10-05,4609830
M/428,Amber,Thompson,female,1980-05-02,2075783
M/429,Michael,Jensen,male,1980-05-27,5388087
M/430,Kathryn,Vang,male,1997-02-25,1060554
M/431,Brian,Farmer,male,1995-08-27,2209553
M/432,Misty,Cox,male,1990-11-01,3608798
M/433,David,Smith,female,1987-09-14,6474371
M/434,Julie,Dunn,male,1990-10-15,1811871
M/435,Terri,Acevedo,male,1986-09-11,3522841
M/436,Craig,Hernandez,male,1989-12-21,2413548
M/437,Sean,Hamilton,male,1983-03-10,4637374
M/438,Sherry,Hunter,male,1983-02-12,3355128
M/439,Dawn,Watson,female,1984-01-15,3081723
M/440,Penny,Garcia,male,1995-12-31,6478691
M/441,Michelle,Vincent,female,1994-10-06,4254581
M/442,Kimberly,Dean,female,1997-12-13,815555
M/443,Frank,Frank,female,1995-12-17,1710578
M/444,Mark,Williams,female,1986-03-27,2712965
M/445,Mary,Barry,female,1984-02-10,439141
M/446,Christina,Russell,female,1980-05-03,2561254
M/447,Michael,Donovan,male,1988-06-05,3971513
M/448,Regina,Morris,male,1980-03-22,3315641
M/449,Garrett,Espinoza,male,1984-07-06,2745820
M/450,Mark,Harris,female,1993-07-28,3328640
M/451,Michael,Zuniga,male,1980-04-26,2680033
M/452,Loretta,Nunez,male,1983-02-15,2352687
M/453,Kevin,Black,female,1997-09-18,5592005
M/454,Timothy,Schmidt,female,1980-03-27,2429039
M/455,David,Wilson,female,1996-06-28,1891036
M/456,James,Nichols,female,1985-02-28,3593622
M/457,Christopher,Brennan,female,1984-08-28,1230614
M/458,Brittany,Suarez,female,1997-09-21,3224452
M/459,William,Jacobs,female,1996-03-19,6494786
M/460,Steven,Turner,female,1994-05-06,4511216
M/461,Bonnie,Sullivan,female,1982-12-07,6138157
M/462,Keith,Young,female,1993-08-22,2246654
M/463,Bradley,Malone,male,1995-10-08,1551705
M/464,Philip,Cook,female,1982-07-12,3212102
M/465,Benjamin,Aguilar,female,1991-06-08,723955
M/466,Stephanie,Torres,female,1997-06-14,3810762
M/467,Jay,Jones,male,1992-11-10,5282709
M/468,Allison,Anderson,male,1997-11-19,5146280
M/469,Mariah,Bautista,male,1983-10-14,6563051
M/470,Tammy,Adams,female,1980-10-28,3964484
M/471,Thomas,Johnson,female,1986-12-16,3952474
M/472,Amanda,Wilson,male,2000-04-16,3032993
M/473,Michael,Cordova,female,1985-08-20,3335455
M/474,Joseph,Hancock,female,1987-09-27,4840535
M/475,Omar,Valdez,female,1991-11-13,6953855
M/476,Micheal,Nelson,male,1982-02-15,5801905
M/477,Tony,Anderson,male,1991-06-01,2518530
M/478,Tyler,Francis,female,1995-05-13,1337223
M/479,Lisa,Middleton,female,1984-09-27,2432673
M/480,Erin,Garner,female,1993-03-19,858413
M/481,Connie,Powell,male,1986-04-23,4533374
M/482,Donald,Torres,female,1985-05-02,5868078
M/483,Carrie,Olson,male,1989-11-12,6944089
M/484,Debra,Patton,female,1987-12-31,3562426
M/485,Kristina,Kerr,male,1987-11-04,6456459
M/486,John,Pratt,male,1997-12-09,3969426
M/487,Douglas,Swanson,male,1981-10-22,6698020
M/488,Amy,Blair,male,1985-09-24,4502018
M/489,Brittany,Woods,male,1980-12-12,1370676
M/490,Cesar,Stone,male,1995-12-02,3530929
M/491,Bradley,Richards,male,1996-01-26,923113
M/492,Eric,Washington,male,1993-11-30,5993607
M/493,Heather,Lozano,female,1983-03-27,6328689
M/494,April,Webster,male,1980-11-17,5865724
M/495,Darlene,Rivera,female,1985-12-02,2788740
M/496,Kevin,Mullen,male,1997-12-19,1929048
M/497,Tina,Oconnor,male,1994-09-23,4610360
M/498,Marvin,Henry,male,1985-03-22,2158274
M/499,Jeffrey,Gross,male,1997-10-30,5789410
M/500,Kathleen,Moore,male,1988-04-15,3234810
M/501,Kim,Howard,female,1989-07-11,5053744
M/502,Jillian,Arias,female,1997-02-23,3609501
M/503,Blake,Cabrera,female,1987-09-01,5658856
M/504,Todd,Lopez,male,1986-06-07,5396682
M/505,Laura,Bush,female,1982-04-01,3472953
M/506,Susan,Phelps,female,1984-12-08,5445794
M/507,Makayla,Hart,female,1998-12-01,1093895
M/508,Ethan,White,female,1999-01-12,1372866
M/509,Rachel,Heath,male,1982-08-04,6866568
M/510,Andrea,Mccoy,female,1991-12-25,3836717
M/511,Eugene,Drake,female,1985-09-17,5546451
M/512,Ashley,Andrews,male,1982-01-19,2960068
M/513,Ariel,Hunt,female,1987-01-04,4017250
M/514,Brittney,Foster,female,2000-10-30,507025
M/515,Eric,Castillo,male,1991-04-03,1018262
M/516,James,Stafford,female,1990-09-15,3517358
M/517,Ashley,Mcclain,female,1999-08-12,1602894
M/518,Robert,Craig,female,1982-06-07,6351109
M/519,Anita,Elliott,male,1995-02-15,757618
M/520,Brandon,Martinez,female,1981-01-11,3451681
M/521,Dylan,Black,female,1998-10-29,4652651
M/522,Lauren,Good,female,1996-01-22,1134723
M/523,Erica,Smith,male,1986-11-05,2829064
M/524,Steve,Schultz,female,1999-10-19,4384529
M/525,Robert,Allison,male,1990-03-10,3631151
M/526,David,Powell,female,1993-10-25,6046116
M/527,Jonathan,Trujillo,male,1995-06-27,3794205
M/528,Christopher,Wang,male,1989-05-19,5595675
M/529,Tracy,Jones,male,1990-05-06,3202619
M/530,David,Mcgrath,female,1991-03-03,1576369
M/531,Wendy,Clark,female,1984-05-12,3452645
M/532,Katherine,Snow,female,2000-06-14,1845512
M/533,Brian,Miles,male,1984-10-31,6198908
M/534,Jeffrey,Chandler,male,1986-05-11,3100793
M/535,Anna,Brooks,female,1981-11-05,728824
M/536,Margaret,Dillon,female,1980-08-27,3330597
M/537,Shawna,Harris,male,1980-10-15,5782441
M/538,Matthew,Becker,male,1994-07-11,3563338
M/539,Tanya,Haley,male,1980-04-30,2421175
M/540,Blake,Phillips,female,1998-10-23,1943766
M/541,Mark,Peters,female,2000-10-03,6763636
M/542,Nicholas,Wilson,male,1987-07-09,6244814
M/543,Christopher,Ferguson,male,1984-04-13,5939119
M/544,Logan,Contreras,female,1981-10-02,1769703
M/545,Brian,Bennett,female,1993-09-03,5325448
M/546,William,Vincent,female,1993-04-29,2594309
M/547,Travis,Ray,male,1981-05-07,6165805
M/548,Sheryl,Wells,female,1987-04-27,5522084
M/549,James,Thomas,male,1998-10-22,6872437
M/550,Adam,Simmons,female,1980-01-15,2809821
M/551,Timothy,Mitchell,male,1998-05-01,6490566
M/552,Yvonne,Moore,male,2000-09-05,6025797
M/553,Anthony,Brown,male,1991-12-18,4470633
M/554,Richard,King,female,1992-12-21,2853881
M/555,Jeremy,White,female,1981-05-03,2198546
M/556,Elizabeth,Abbott,male,1982-01-15,5459032
M/557,Robert,Burns,female,1984-12-05,1419737
M/558,Melanie,Newman,female,1981-12-03,6190351
M/559,Johnathan,Branch,male,1994-01-27,4495526
M/560,Kristen,Moyer,female,1991-04-19,4573402
M/561,Kim,Nolan,female,1992-12-20,4127456
M/562,Jane,Alvarez,female,1995-07-05,5277758
M/563,Elizabeth,Ortega,male,1992-02-02,2978096
M/564,Matthew,Morales,female,1981-04-20,6366270
M/565,Desiree,Dominguez,male,1988-02-24,6161055
M/566,Joseph,Roy,female,1997-03-24,5794101
M/567,Joy,Hall,male,1980-07-15,6943028
M/568,Melissa,Gordon,female,1998-07-29,6260684
M/569,Kevin,Morales,female,1994-07-22,5456413
M/570,John,Foley,male,1990-07-08,3855676
M/571,Julie,Fernandez,male,1991-03-25,3472052
M/572,Ashley,Bowman,male,1993-07-20,6278538
M/573,Timothy,Erickson,male,1997-07-02,5547830
M/574,Dawn,Hale,male,1992-04-08,567361
M/575,William,Wallace,female,1987-11-05,5520592
M/576,James,Jones,female,1985-10-01,6351681
M/577,Marcus,Moran,female,1985-09-03,785307
M/578,Debra,Ryan,male,1988-04-05,2640774
M/579,Deanna,Ferrell,female,1998-02-03,843685
M/580,Jose,Little,female,1984-01-17,2997437
M/581,Madeline,Howard,female,1981-06-04,5392891
M/582,James,Rasmussen,male,1983-03-21,3591076
M/583,Regina,Brown,male,1991-08-15,831167
M/584,Jason,Smith,female,1998-12-06,5628530
M/585,Angela,Berger,male,1985-09-28,705102
M/586,Jason,Mcdonald,male,1999-02-26,1611115
M/587,Michelle,Winters,female,2000-07-22,6715480
M/588,Andrew,Griffin,female,1989-09-25,1739018
M/589,Heather,Montgomery,male,1997-05-22,790470
M/590,Monica,Hanson,male,1998-04-21,4652106
M/591,Peter,Kelly,female,1990-04-16,4416387
M/592,Steven,King,female,1988-11-07,2390347
M/593,Gregory,Robinson,female,1992-07-07,4276698
M/594,Joshua,Kelly,female,1984-10-08,3590776
M/595,Donna,Brown,male,1995-02-10,6010178
M/596,Amy,Beasley,female,1983-04-29,2446045
M/597,Richard,White,male,1993-01-23,3772838
M/598,Shari,Acosta,female,1986-07-16,771807
M/599,Hannah,Garcia,male,1998-11-11,2703545
M/600,Michael,Williams,male,1994-05-11,3424039
M/601,Shelby,Smith,male,1986-03-21,5134063
M/602,Heather,Allen,male,1984-06-25,3063982
M/603,Sean,Walsh,male,1990-05-23,5625246
M/604,Wesley,Ortiz,male,1995-10-27,6291400
M/605,Brent,Turner,male,1980-06-11,2889637
M/606,Catherine,Adams,female,1992-07-30,6178567
M/607,Samantha,Cox,female,1994-05-17,1465053
M/608,Timothy,Taylor,male,1987-07-12,2490961
M/609,Kristen,Meyer,male,1986-09-18,447114
M/610,Christopher,Benitez,male,1989-11-08,3634078
M/611,Veronica,Owen,female,1993-08-15,5135086
M/612,Willie,Johnson,male,1997-05-22,3305166
M/613,James,Goodman,female,1993-05-30,6299979
M/614,Amanda,Gray,male,1988-11-08,4384206
M/615,Jessica,Todd,female,1998-01-02,1075440
M/616,Lisa,Neal,female,1987-09-22,884401
M/617,Jennifer,Hunter,male,1982-11-04,1537339
M/618,Carl,Fischer,female,1986-06-08,424241
M/619,Sharon,Mueller,female,1991-10-30,3371081
M/620,Sandra,Hall,female,1982-03-09,4177230
M/621,Joshua,Williams,female,1986-01-08,4207388
M/622,Ashley,Mahoney,female,1996-09-16,6721814
M/623,Brandon,Carlson,male,1992-04-09,2076498
M/624,Charles,Anderson,male,1982-06-01,4195098
M/625,Christine,Reyes,male,1983-12-07,1878083
M/626,Cindy,Henderson,male,1995-09-17,3525451
M/627,Paul,Wallace,male,1999-04-22,3977690
M/628,Troy,Rivas,male,1995-06-29,6851864
M/629,Veronica,Duffy,male,1991-06-24,2390307
M/630,Omar,Nguyen,female,1990-08-16,3055091
M/631,Brian,Harrison,female,1993-02-10,1996860
M/632,Allen,Smith,male,1985-09-11,3280893
M/633,Austin,Buck,female,2000-03-13,2083010
M/634,Tyler,Mejia,male,1983-02-16,6004883
M/635,Ashley,White,female,1995-03-23,4423371
M/636,Stacy,Gonzales,male,1994-09-05,562293
M/637,Peter,Townsend,female,1987-07-24,6067992
M/638,Wanda,Flores,female,1986-01-20,2695521
M/639,Brandi,Johnson,male,1998-07-23,1279401
M/640,Gary,Smith,female,1980-04-19,6958738
M/641,Lori,Briggs,female,1992-08-11,2150382
M/642,Diana,Gonzalez,male,1992-06-27,926383
M/643,Shawna,Jones,female,1982-03-29,5565677
M/644,James,Weber,male,1990-05-06,4280935
M/645,Brian,Harris,male,1987-02-11,2593695
M/646,Linda,Wilkins,male,1991-09-02,4545574
M/647,Joshua,Rangel,female,1999-02-07,4862324
M/648,Diane,Bauer,male,1994-05-21,1981391
M/649,Laurie,Wood,male,1984-08-26,5049617
M/650,Maria,Wilson,male,1995-04-10,5111714
M/651,Dawn,Kelley,male,1987-08-16,2628379
M/652,Emily,Park,male,1987-01-25,4376398
M/653,Eric,Short,female,1983-01-23,6705532
M/654,Zachary,Fuller,female,1998-07-22,5974108
M/655,Erica,Patton,male,1989-08-06,3872979
M/656,Jennifer,Khan,male,1990-12-28,519703
M/657,Lindsay,Woods,male,1998-10-18,5812359
M/658,Carolyn,Brewer,female,1983-08-26,2891658
M/659,Rose,Thompson,female,2000-12-20,2489965
M/660,Kayla,Haney,female,1989-10-31,4018287
M/661,Donna,Fields,female,1999-02-09,3715231
M/662,Brian,Medina,female,1992-12-06,1686527
M/663,Derek,Wheeler,female,1985-04-01,4586436
M/664,Jessica,Baker,male,1984-10-11,4896845
M/665,Dana,Tate,male,1999-02-15,1482334
M/666,Martha,Miller,female,1984-12-04,2539279
M/667,Leah,Lambert,female,1998-01-09,4245725
M/668,Amanda,Nielsen,female,1994-09-06,5256546
M/669,Cody,Livingston,male,2000-12-28,5380511
M/670,Betty,Osborne,female,1980-10-03,4744159
M/671,Michael,Wiley,female,1996-08-03,6289330
M/672,Cheryl,Davis,male,1985-09-11,4760300
M/673,Debra,Buchanan,female,1984-04-18,3332259
M/674,Caroline,Washington,male,1990-08-22,2690625
M/675,Kevin,Anderson,female,1993-08-07,5605223
M/676,Amber,Wells,female,1993-03-11,6552506
M/677,Jacob,Hensley,male,1990-10-10,569484
M/678,David,Doyle,male,1993-05-24,6811906
M/679,Elizabeth,Velasquez,female,1985-12-30,5752676
M/680,Lawrence,King,female,1981-03-20,3082001
M/681,Raymond,Kelley,male,1980-01-05,5365168
M/682,Jason,Hunt,female,1991-12-04,5681169
M/683,Christopher,Pena,male,2000-04-26,5203824
M/684,David,Dickerson,male,1984-02-03,3501753
M/685,Donald,Humphrey,female,1984-08-01,3979528
M/686,Stephen,Moore,female,1983-08-17,1547239
M/687,Todd,Garcia,male,1999-01-15,6687665
M/688,Jessica,Snow,female,1996-04-23,1681205
M/689,Allison,Morgan,male,1990-10-19,3885358
M/690,Jason,Smith,female,1989-11-05,5786804
M/691,Krystal,Ferguson,female,1997-03-09,2377711
M/692,Cynthia,Davis,female,1983-01-09,5976029
M/693,Ricky,Pitts,female,1980-01-31,6355584
M/694,Kelly,Fry,female,1985-02-13,2834282
M/695,Joshua,Garcia,female,1994-10-15,3905356
M/696,Laura,Arnold,female,1981-12-04,2587035
M/697,Mary,Henry,male,1998-03-18,3329757
M/698,Jessica,Ramirez,male,1989-07-09,5624295
M/699,Jennifer,Rodriguez,female,1982-11-22,3896108
M/700,Curtis,Mcbride,male,1986-07-13,2559616
M/701,Robin,Arellano,male,1983-10-05,750478
M/702,Jason,Jackson,male,1984-01-09,5770012
M/703,Lisa,Conner,male,1996-06-10,1867614
M/704,Justin,Hernandez,female,1998-12-16,1753635
M/705,Jeremy,Garcia,female,1993-05-21,1393294
M/706,Robert,Best,female,1995-05-28,4957238
M/707,David,Parks,female,1983-08-15,6753411
M/708,Rebecca,Martinez,male,1989-06-12,3761149
M/709,Gwendolyn,Richmond,female,1994-04-17,1329534
M/710,Diamond,Coleman,male,2000-07-04,6370946
M/711,Justin,Porter,female,1992-10-23,1691555
M/712,Molly,Kelly,female,1995-03-25,3898246
M/713,Melissa,Mullins,male,1986-11-14,3209354
M/714,Mark,Moran,male,1985-04-25,545779
M/715,Kimberly,Pruitt,male,1988-01-22,808464
M/716,James,Greene,female,1997-04-04,4128403
M/717,Kimberly,English,male,1993-07-16,6182974
M/718,Carlos,Johnson,female,1999-12-11,6866477
M/719,Christina,Ramirez,female,1983-02-11,5451994
M/720,Pamela,Moore,male,2000-02-11,5619040
M/721,Elizabeth,Watson,male,1984-06-25,3987538
M/722,Tami,Wilson,male,1992-04-05,1040323
M/723,Eddie,Lee,female,1983-02-07,2542267
M/724,Brian,Davis,female,1986-12-26,3625289
M/725,Jackson,Garrison,female,1985-04-08,4363264
M/726,Gabriela,Mccarthy,female,1996-02-19,4736512
M/727,Jenna,Larson,male,1996-09-27,1351801
M/728,Michael,Diaz,female,2000-02-11,1935843
M/729,Jonathan,Taylor,male,1999-01-03,6231306
M/730,Christopher,Johnson,male,1991-10-04,1609041
M/731,Tristan,Wilson,female,1990-12-25,3994384
M/732,Christopher,Collins,female,1980-06-13,1893988
M/733,Jorge,Butler,female,1985-02-24,6495427
M/734,Michelle,Oliver,male,1998-10-22,446751
M/735,Austin,Mayo,female,1980-02-10,408549
M/736,Lynn,Cunningham,female,1984-03-06,603330
M/737,Pam,Fuentes,male,1987-05-16,4087583
M/738,David,Dawson,female,1999-11-30,2666496
M/739,David,Zimmerman,male,1990-09-06,1356918
M/740,Susan,Morris,male,1998-07-14,3025255
M/741,James,Warner,female,1986-02-04,5030455
M/742,Scott,Moody,female,1999-11-13,2283215
M/743,Sharon,Davies,male,1991-02-16,6384998
M/744,Joshua,Dixon,female,1993-04-08,3661583
M/745,Christopher,Hammond,male,1983-09-26,4980355
M/746,Christina,Norris,male,1982-04-24,1567064
M/747,William,Gibson,male,1980-11-09,2756797
M/748,Tony,Garcia,male,2000-05-01,3250374
M/749,Kenneth,Horn,male,1982-05-20,6780585
M/750,Brittany,Camacho,male,1988-12-18,1276126
M/751,Heather,Yang,male,1993-03-18,3540436
M/752,Suzanne,Gordon,female,1992-02-05,3916997
M/753,William,Lowe,female,1994-04-03,5277551
M/754,Autumn,Johnson,male,1987-08-24,6273745
M/755,Eric,Peters,male,1981-05-15,5063398
M/756,Mark,Young,male,1984-12-05,6589205
M/757,Hector,Murray,female,1994-08-05,4404348
M/758,Samantha,Archer,female,1997-02-02,3242955
M/759,Dalton,Richardson,male,1992-08-24,942522
M/760,Gina,White,female,1986-08-11,4629985
M/761,George,Flores,female,1997-04-08,6575598
M/762,Jared,Bell,female,1984-10-30,3325269
M/763,Eric,Smith,male,1995-02-27,1225651
M/764,Joseph,Rodriguez,male,1997-03-10,4212701
M/765,Amy,Nicholson,female,1998-07-11,6845008
M/766,Lindsay,Romero,male,1982-07-06,5515812
M/767,Robert,Perez,female,1986-03-15,2717114
M/768,Andrew,Haynes,female,1985-07-07,6280374
M/769,Michelle,Mcdowell,male,1981-04-30,3757328
M/770,Kenneth,Hansen,female,1993-05-02,628777
M/771,Daniel,Holt,male,1987-08-26,1332690
M/772,Ryan,Smith,male,2000-11-17,5351332
M/773,Kristy,Mora,female,1991-04-09,1371863
M/774,Nicolas,Walker,male,1988-08-21,5750081
M/775,Garrett,Smith,male,1995-12-15,4066528
M/776,Deborah,Moss,male,1984-06-30,1951696
M/777,David,Huynh,male,1980-10-14,4577052
M/778,Melissa,Wilson,female,1981-01-22,3349411
M/779,Robert,Shaw,male,1988-08-12,3975033
M/780,Carl,Bryant,female,1981-04-12,2727780
M/781,Ethan,Ferguson,female,1992-02-12,4840833
M/782,Emily,Harris,male,1999-02-15,4501979
M/783,Katie,Skinner,female,1981-04-02,6561057
M/784,Manuel,Richardson,male,1986-05-15,2803173
M/785,James,Young,male,1981-05-22,4654139
M/786,Mark,Douglas,female,1989-04-12,2545633
M/787,Richard,Macdonald,male,1994-09-20,2663290
M/788,David,Perez,male,1993-09-18,1911121
M/789,Ryan,Floyd,female,1990-07-22,4588695
M/790,Chelsea,Stark,male,1984-07-11,6747643
M/791,Jesse,Maxwell,female,1987-09-23,3911684
M/792,Jessica,Anderson,male,2000-09-11,4754724
M/793,Robert,Hill,female,1986-03-06,5479690
M/794,Joel,Harris,female,1988-08-03,2264691
M/795,Joanne,Sanders,male,1987-11-19,5046639
M/796,Joshua,Anderson,male,1995-09-13,4474182
M/797,Lisa,Cox,female,1990-09-15,6542528
M/798,Spencer,Warner,male,1999-01-02,6773641
M/799,Kelly,Carlson,male,1985-08-20,5060391
M/800,Peter,Nguyen,female,1986-12-26,2936699
M/801,Sylvia,Thomas,female,1993-11-07,3535007
M/802,Michael,Tucker,male,1995-06-15,6372720
M/803,Virginia,Santos,female,1998-01-03,5241987
M/804,Danny,Smith,female,1990-05-31,4406346
M/805,Eric,Garcia,male,1991-06-24,2867293
M/806,Deborah,Shaw,male,2000-05-12,6080221
M/807,Linda,Patterson,male,1985-01-16,5144513
M/808,Robert,Owen,male,1991-06-03,3794237
M/809,Brooke,Romero,male,1988-02-24,1667286
M/810,Jonathan,Young,female,1993-12-15,5635134
M/811,April,Padilla,female,1987-09-15,5078817
M/812,Joseph,Morales,female,1993-07-31,1333206
M/813,Lisa,Rogers,female,1995-08-27,3924555
M/814,Timothy,Smith,male,1994-09-30,2062656
M/815,Amanda,Johnson,male,1993-05-13,1177366
M/816,Eric,Garza,female,1981-04-20,3333670
M/817,Hector,Walton,male,1998-12-06,3594223
M/818,Sharon,Mitchell,female,1998-11-25,729923
M/819,Jorge,Sutton,male,1982-02-20,6285088
M/820,Mary,Smith,female,1988-05-01,3570111
M/821,Paul,Gibbs,male,1990-10-09,5317246
M/822,Jessica,Caldwell,male,1992-01-23,3159597
M/823,Walter,Conway,male,1996-02-02,4795317
M/824,Robert,Anderson,female,2000-12-25,4506035
M/825,Lisa,Turner,male,1994-12-24,769042
M/826,Clifford,Howard,male,1999-01-29,4184805
M/827,Linda,Miller,female,1983-06-30,3513404
M/828,Michael,Mendez,female,1981-06-22,3570172
M/829,Melissa,James,male,1987-09-17,2350728
M/830,Brooke,Garcia,female,1998-04-28,3139688
M/831,Kenneth,Conrad,female,1991-04-23,5399328
M/832,Pamela,Walls,female,1986-11-01,538900
M/833,Nicole,Miller,male,1994-08-21,6222757
M/834,Derek,Ortiz,female,1987-01-02,4478270
M/835,Elizabeth,Hunt,female,1980-03-07,4882976
M/836,Carrie,Ross,male,1998-01-22,1492697
M/837,Lawrence,Adams,female,1988-01-12,3462793
M/838,Melissa,Brown,male,1990-10-20,1182523
M/839,Bethany,Lyons,female,1998-06-28,4430847
M/840,Lauren,Martin,female,1999-10-05,1191796
M/841,Ricardo,Henry,male,1986-08-10,6045564
M/842,Jill,Silva,male,1996-11-01,2819150
M/843,Seth,Freeman,female,1999-02-11,5470253
M/844,Austin,Carpenter,male,1998-12-30,2266967
M/845,Mark,Smith,female,1991-08-14,5051923
M/846,Alejandro,Prince,male,1994-11-21,1775320
M/847,Steve,Powell,male,1986-07-25,440504
M/848,Ronald,Ramos,female,1995-05-30,4219359
M/849,Amy,Ochoa,male,1999-02-04,3792475
M/850,Caitlin,Johnson,male,1999-08-17,2332773
M/851,Jason,Schneider,male,1980-09-18,6253387
M/852,Brian,Marshall,female,2000-12-25,4539289
M/853,Robert,Wilson,male,1989-01-12,6580902
M/854,Paige,Warner,male,1993-05-04,4985470
M/855,John,Burns,male,1983-08-16,4234146
M/856,Alyssa,Mcclain,female,1988-08-22,516795
M/857,Jamie,Mullins,female,1983-08-10,6527803
M/858,Christopher,Hicks,female,1982-08-01,3862451
M/859,Jeremy,Taylor,male,2000-11-05,4261237
M/860,Amy,King,female,1994-06-07,5848861
M/861,James,Morton,male,1996-09-02,6296282
M/862,Jack,Rodriguez,female,1983-12-05,905703
M/863,Edward,Ellis,male,1989-12-28,5541062
M/864,Karl,Kline,male,1981-06-16,2658898
M/865,Leslie,Nelson,female,1990-08-03,3084848
M/866,Andrea,Rose,male,1988-07-27,5797292
M/867,Robin,Lopez,female,1994-04-24,3430944
M/868,Victoria,Williams,female,1982-01-11,1573067
M/869,Sheila,Jackson,male,1990-04-05,2897010
M/870,Mark,Foster,male,1996-08-30,4372484
M/871,Laura,Smith,male,2000-11-25,4414936
M/872,Keith,Jackson,male,1996-09-25,4104218
M/873,Jacob,Davila,female,1980-04-22,3160198
M/874,Olivia,Smith,female,1982-08-20,2819811
M/875,Mary,Lloyd,male,1998-03-14,588485
M/876,Harold,Copeland,male,1991-01-08,4386211
M/877,Jason,Morales,female,1987-01-12,3025744
M/878,Stephanie,Thomas,male,1987-01-30,6393158
M/879,John,Wu,female,1981-12-28,1160541
M/880,Bradley,Gross,female,1995-01-23,2528557
M/881,Connie,Ballard,female,1982-07-20,2090377
M/882,Gregory,Terry,female,1999-03-13,3237123
M/883,Jennifer,Stein,female,1999-11-03,3560313
M/884,Misty,Welch,male,1988-01-12,5210078
M/885,James,Dawson,male,1994-12-06,6520795
M/886,Jesse,Martinez,male,1982-09-14,4441736
M/887,Matthew,Cook,male,1998-10-31,6988362
M/888,Courtney,Stone,male,1989-09-29,5356225
M/889,Melinda,Sanders,male,1996-11-18,1412829
M/890,Tamara,Hutchinson,male,1994-09-26,1616661
M/891,Tiffany,Edwards,male,1984-12-03,5793093
M/892,Steven,Li,female,1998-05-27,562959
M/893,Steven,West,female,1994-10-05,5638721
M/894,Natasha,Casey,female,1982-07-09,2649606
M/895,Melissa,Baker,female,1990-04-02,5447198
M/896,Allen,Johnson,female,1997-04-19,6068255
M/897,Carrie,Rodriguez,male,1985-07-08,5015281
M/898,John,Shannon,female,1987-05-28,6626656
M/899,Sharon,Smith,female,1988-07-07,4420797
M/900,Teresa,Compton,female,1983-04-14,5807432
M/901,April,Fleming,male,2000-09-28,4307758
M/902,Steven,Rivera,male,2000-02-26,942443
M/903,Donna,Sutton,male,1983-01-23,1936135
M/904,Sheryl,Rivas,female,1993-03-27,3608243
M/905,Wesley,Fields,female,1994-12-21,6081848
M/906,Joshua,Walker,female,1985-02-25,3482385
M/907,John,Thomas,female,1987-02-28,1016121
M/908,Daniel,Gould,female,1996-08-18,2500959
M/909,Robert,Rice,male,1985-10-03,3759546
M/910,Michael,Castillo,female,2000-08-01,2110113
M/911,John,Gregory,male,1981-04-26,2558608
M/912,Rebekah,Harrison,female,1985-10-23,682713
M/913,Vanessa,White,female,1999-11-21,4034868
M/914,Jasmin,Sullivan,female,1994-10-08,2563850
M/915,Rebecca,Collins,male,1989-01-17,6070823
M/916,Joshua,Copeland,female,1999-07-30,2603013
M/917,Debbie,Webster,female,1996-03-28,558981
M/918,Jamie,Carter,female,1993-10-25,2540741
M/919,Karen,Rowe,female,1999-03-28,1820926
M/920,William,Joyce,male,1987-10-03,6788418
M/921,Casey,Combs,female,1989-08-18,5825004
M/922,Jeanette,Pace,male,1980-05-05,2476999
M/923,Paige,Owens,female,1994-06-01,5689672
M/924,Jared,Taylor,female,1986-12-04,6892766
M/925,Alyssa,Chen,male,1999-01-30,2912202
M/926,Megan,Brown,male,1987-05-11,2496051
M/927,Derek,Aguirre,female,1992-11-22,1691986
M/928,Linda,Russell,male,1997-02-14,4689085
M/929,Sarah,Knox,male,1983-11-18,2055863
M/930,Anthony,Hill,male,1980-07-05,2119500
M/931,Danielle,Lee,male,1981-07-13,4478866
M/932,Anthony,Holder,male,1988-07-11,5644853
M/933,Elizabeth,Wright,male,1981-12-27,3966133
M/934,Richard,Shea,female,1989-07-07,4876331
M/935,Chad,Short,female,1985-08-23,2512336
M/936,David,Sanchez,male,1994-01-05,1362426
M/937,Karina,Anderson,female,1985-05-22,2445372
M/938,Ryan,Cook,female,1983-12-09,4666324
M/939,Dennis,Doyle,female,1983-06-09,2661054
M/940,Samantha,Chase,male,1984-04-01,1394135
M/941,John,Galvan,female,1995-02-15,943954
M/942,Michelle,Miller,male,1988-08-10,5566749
M/943,Melinda,Hall,male,1987-03-02,834825
M/944,Ronnie,Valdez,male,1983-10-09,3685752
M/945,Yvonne,Smith,male,1987-02-17,1169744
M/946,Stephanie,Cunningham,female,1984-03-12,4853613
M/947,Emily,Gonzalez,male,1989-03-11,6305426
M/948,Mary,Branch,male,1990-03-25,1730804
M/949,Judy,Rodriguez,male,1999-01-26,5683569
M/950,Leah,Wheeler,male,1998-06-02,4748837
M/951,Brandon,Jackson,male,1983-06-18,6420844
M/952,Amber,Munoz,female,1991-04-23,6532861
M/953,Linda,Ruiz,female,2000-06-26,5357467
M/954,Jeffrey,Lopez,male,1990-09-30,837444
M/955,Chad,Walter,female,1997-04-27,6901440
M/956,John,Flynn,female,1983-08-20,6533864
M/957,Donna,Jenkins,female,1999-06-25,3958465
M/958,Travis,Rodriguez,male,1988-09-23,2458897
M/959,Cheryl,Nelson,female,1991-10-02,5836881
M/960,Shelby,French,male,1995-12-15,2203648
M/961,Brenda,Cobb,male,1999-09-06,3439294
M/962,Elizabeth,York,female,1986-08-09,2434975
M/963,Laurie,Taylor,female,1987-03-19,749606
M/964,Kyle,Herrera,male,1985-06-03,4841849
M/965,Elaine,Howell,female,1993-05-23,3783790
M/966,Nathaniel,Rush,male,1981-01-04,5878019
M/967,Cassandra,Holmes,male,1994-09-10,4001297
M/968,Robert,Brown,female,1995-05-14,3063113
M/969,Cheryl,Wallace,female,1989-06-29,6420963
M/970,Kenneth,Mathews,female,1986-06-13,3048736
M/971,Brian,Davis,female,1996-05-25,6711811
M/972,Vanessa,Smith,female,1984-10-13,3211921
M/973,Julie,Evans,male,2000-05-27,1843184
M/974,Juan,Stark,male,1988-08-06,5238479
M/975,Kathleen,Davidson,male,1997-03-21,4274051
M/976,Thomas,Bowen,male,1988-09-30,2779714
M/977,Joshua,Potter,male,1989-01-25,6548066
M/978,Ashley,Marshall,female,1998-03-04,6259483
M/979,Steven,Miller,male,1996-07-04,3291011
M/980,Katherine,Fox,female,1997-01-31,1865785
M/981,Clinton,Allen,female,1985-05-11,1227273
M/982,Michael,Ramirez,male,1988-09-02,5736395
M/983,Veronica,Burton,female,1997-12-16,6328371
M/984,Martin,Washington,female,1998-03-20,4534620
M/985,Katherine,Bell,male,2000-05-02,3278787
M/986,Lawrence,Johnson,female,1992-06-03,5723018
M/987,Stacy,Gallegos,female,1997-03-03,5706358
M/988,Diane,Howe,female,1992-10-13,6444572
M/989,Katrina,Johnson,male,1987-06-21,1705851
M/990,Brandon,Thompson,female,1997-11-07,3440172
M/991,Kim,Cruz,male,1989-06-25,4875420
M/992,Michael,Robinson,female,1993-02-27,4045291
M/993,Jeffrey,Acevedo,male,1999-10-04,434367
M/994,Alexandra,Green,female,1999-03-02,3248537
M/995,Michelle,Whitney,female,1998-09-28,5331437
M/996,Monica,Jackson,male,1992-01-06,4794661
M/997,Jill,Black,male,1999-01-18,3472100
M/998,Marissa,Arellano,male,1989-03-16,6726121
M/999,Kelly,Reed,female,1990-12-30,5882186
M/1000,Timothy,Gonzalez,male,1991-12-17,1213975
