DEPTNO,SUPID,FNAME,LNAME,GENDER,SALARY,COMMISSION
D/206,S/001,Todd,Kelly,male,6383695,36701.0
D/913,S/002,Lori,Phillips,male,2838859,51258.0
D/066,S/003,Keith,Chan,female,816580,34536.0
D/409,S/004,Christine,Cooley,female,4315255,
D/108,S/005,Matthew,Oliver,female,6811859,
D/151,S/006,Justin,Hebert,female,5132683,
D/694,S/007,Katherine,Glass,male,1544643,
D/546,S/008,Eric,Perez,female,3877331,
D/242,S/009,Bradley,Gutierrez,male,4788480,57443.0
D/124,S/010,Omar,Taylor,female,6696961,
D/429,S/011,Eric,White,female,928824,29978.0
D/411,S/012,Joel,Wood,male,3886606,
D/785,S/013,Cassidy,Hudson,female,6510293,
D/005,S/014,Ross,Roberson,male,5759458,21484.0
D/588,S/015,Amanda,Mccoy,male,5652008,27557.0
D/769,S/016,Maria,Mcmillan,male,5709446,24291.0
D/338,S/017,Erica,Sanchez,male,6940933,51204.0
D/486,S/018,Jennifer,Johnson,female,3774473,27659.0
D/324,S/019,Natalie,Smith,female,428504,34659.0
D/328,S/020,Frederick,Hayes,male,6618092,42218.0
D/611,S/021,Jennifer,Francis,female,5412845,45006.0
D/965,S/022,Desiree,Noble,male,4009562,24110.0
D/930,S/023,Jeffrey,Dennis,female,1639426,54060.0
D/469,S/024,Mary,Peters,male,5467696,
D/791,S/025,James,Tran,female,1942964,52069.0
D/569,S/026,Cody,Kennedy,male,6368937,51159.0
D/925,S/027,Samantha,Nichols,male,613672,34276.0
D/215,S/028,Isabel,Daniels,male,4704401,
D/081,S/029,Laura,Long,female,3293906,20645.0
D/927,S/030,Tyler,Weaver,male,5488999,33057.0
D/948,S/031,Donna,Mccarthy,female,5315226,20358.0
D/376,S/032,Denise,Roberts,female,6824689,36760.0
D/879,S/033,Levi,Barajas,female,4996197,53216.0
D/211,S/034,Monica,Gibson,female,2807027,42963.0
D/869,S/035,Miranda,Wright,female,5121063,47311.0
D/077,S/036,David,Johnson,male,3525983,
D/817,S/037,William,Phillips,male,549455,
D/210,S/038,Lauren,Gilbert,female,4551399,
D/562,S/039,Debra,Roberts,female,2880703,
D/436,S/040,Rebecca,Williams,male,6883611,56698.0
D/521,S/041,Amanda,Tucker,male,3938014,47448.0
D/063,S/042,Tiffany,Ball,male,2375506,
D/444,S/043,Miranda,Perez,female,2342568,21340.0
D/701,S/044,James,Montes,male,2316126,49286.0
D/984,S/045,Shawna,Villegas,male,1863938,
D/930,S/046,Jose,Hunter,male,3882622,44573.0
D/353,S/047,Michelle,Pham,female,853961,
D/017,S/048,Robin,Castro,male,3322172,
D/572,S/049,Scott,West,male,6894058,
D/830,S/050,Heather,Stewart,female,1394190,
D/878,S/051,Rhonda,Chang,female,2685191,48390.0
D/274,S/052,Stephanie,Jensen,male,5435310,57967.0
D/609,S/053,Lisa,Stewart,male,2429704,46168.0
D/472,S/054,Cory,Rodriguez,male,1817307,
D/246,S/055,Levi,Williams,male,4602046,
D/163,S/056,Kevin,Wagner,female,6006248,39647.0
D/341,S/057,Dalton,Fisher,male,6903611,47129.0
D/319,S/058,Catherine,Ingram,female,2054343,
D/570,S/059,Kelly,Miller,male,467828,40037.0
D/777,S/060,Sarah,Black,female,5797311,47034.0
D/658,S/061,Jason,Young,female,3141249,
D/190,S/062,Robert,White,female,2935282,50207.0
D/086,S/063,Nathan,Reed,female,4878984,
D/443,S/064,Patricia,Houston,female,435563,48986.0
D/434,S/065,Debbie,Smith,male,1628594,
D/631,S/066,Joe,Cain,female,5223474,
D/950,S/067,Stephanie,Mclaughlin,female,6674386,
D/529,S/068,Connor,Curtis,female,4878661,
D/217,S/069,Maureen,Leonard,female,689919,
D/042,S/070,Amy,Thomas,male,1953623,
D/049,S/071,Jasmin,Dawson,female,3033548,44420.0
D/816,S/072,Katherine,Johnson,male,2485427,43459.0
D/254,S/073,Mary,Yoder,male,4359652,32929.0
D/122,S/074,Tiffany,Evans,female,2464216,
D/896,S/075,Matthew,Simpson,male,3029037,47485.0
D/847,S/076,Austin,Ramirez,female,635753,
D/876,S/077,Tamara,Richardson,female,4178353,40765.0
D/141,S/078,Lindsey,Beck,male,3412644,48041.0
D/410,S/079,Susan,Garcia,male,4567220,54658.0
D/525,S/080,Anthony,Ware,female,6561154,
D/140,S/081,Jerome,Davis,male,3698153,
D/879,S/082,Sarah,Bennett,male,3540748,20296.0
D/336,S/083,Darryl,Reese,female,4842283,
D/848,S/084,Melanie,Chang,female,1130656,53496.0
D/405,S/085,Cathy,Griffith,female,5227303,35839.0
D/636,S/086,Robin,Noble,female,6991835,
D/340,S/087,Katelyn,Martinez,female,2693641,
D/471,S/088,Melvin,Martinez,female,4443960,21207.0
D/393,S/089,Natalie,Franklin,male,4498267,
D/623,S/090,Robert,Stone,female,540170,
D/505,S/091,Margaret,Reed,male,2236961,
D/543,S/092,Justin,Wyatt,male,1637431,
D/805,S/093,Alan,Jackson,female,875960,49911.0
D/750,S/094,Benjamin,Cameron,male,3273168,52908.0
D/092,S/095,Anthony,Estes,male,1210352,21419.0
D/488,S/096,Christopher,Morales,male,4497904,51807.0
D/057,S/097,David,Johnson,female,6601769,
D/770,S/098,David,King,male,2928445,32046.0
D/766,S/099,Cindy,Hudson,male,3175889,33480.0
D/503,S/100,Jeffrey,King,female,4234404,49188.0
D/979,S/101,Michele,Gonzalez,female,3024309,
D/746,S/102,Kristen,Perez,male,4280595,28898.0
D/753,S/103,Alicia,Hall,female,6699210,53573.0
D/475,S/104,Christopher,Hale,male,3149265,21105.0
D/728,S/105,Carrie,Schwartz,male,6728807,27862.0
D/191,S/106,Stephanie,Robinson,female,4845575,43593.0
D/660,S/107,Anthony,Neal,male,3120576,
D/138,S/108,Lisa,Perez,female,6059278,59580.0
D/835,S/109,Aaron,Rogers,male,6397258,
D/744,S/110,Jeffrey,Hernandez,female,1879049,
D/785,S/111,Bernard,Sanchez,male,2787614,20075.0
D/604,S/112,James,Johnson,male,1960948,33347.0
D/094,S/113,Andrew,Miller,female,5185173,
D/742,S/114,Evelyn,Wallace,male,4577015,49614.0
D/722,S/115,Paula,Vega,male,468289,48721.0
D/696,S/116,John,Gray,female,6740236,
D/694,S/117,Diane,Ball,female,2802393,23138.0
D/332,S/118,Teresa,Stephens,male,6859603,31585.0
D/433,S/119,Brian,Smith,female,1720431,31656.0
D/595,S/120,Roger,Cortez,male,5547130,
D/022,S/121,Anna,Cook,male,3362552,
D/664,S/122,Jacob,Williams,male,3736032,46507.0
D/637,S/123,William,Russell,female,4174137,46754.0
D/587,S/124,Thomas,Payne,female,2998756,28270.0
D/629,S/125,Mary,Becker,female,1959180,
D/924,S/126,Tammy,Schmidt,female,4430331,29436.0
D/736,S/127,Mathew,Lopez,male,4403515,45801.0
D/600,S/128,Thomas,Rush,female,1224258,
D/086,S/129,Stephanie,Weiss,male,1939895,41077.0
D/855,S/130,Barbara,Fischer,female,4636030,
D/268,S/131,Robert,Wilson,male,2172870,32981.0
D/100,S/132,Nicole,Burton,male,933385,48559.0
D/013,S/133,Linda,Pruitt,female,5770357,57555.0
D/534,S/134,Julie,Page,female,6895001,37074.0
D/579,S/135,Timothy,Lopez,female,2562532,24685.0
D/474,S/136,Keith,Kennedy,male,6769657,36281.0
D/686,S/137,Caroline,Davis,female,3347497,26078.0
D/182,S/138,Jennifer,Booker,male,917561,
D/550,S/139,Kristen,Miller,female,1485990,25306.0
D/370,S/140,Nicholas,Johnson,male,5060130,
D/716,S/141,Debra,Dickerson,female,5638622,58755.0
D/632,S/142,Tracy,Sanders,female,1361795,24888.0
D/966,S/143,Johnathan,Thompson,female,1027366,
D/367,S/144,Jerry,Allen,male,4482552,
D/759,S/145,Joshua,Brown,male,5909502,53251.0
D/517,S/146,Michelle,Mitchell,female,579239,40145.0
D/474,S/147,John,Silva,female,3176502,
D/407,S/148,Joe,Johnston,male,6947003,
D/992,S/149,Brenda,Webb,female,5677967,
D/966,S/150,Brianna,Prince,female,3221764,
D/991,S/151,Jesse,Davis,female,5604445,
D/245,S/152,Raven,Gonzales,male,770173,
D/280,S/153,Ethan,Lee,male,867273,53187.0
D/398,S/154,Heidi,Barnes,male,4177236,
D/050,S/155,Brittany,Little,female,2636093,38479.0
D/807,S/156,Meghan,English,female,2265347,55235.0
D/963,S/157,David,Edwards,male,1982290,25635.0
D/567,S/158,Phyllis,Robinson,male,6295139,37063.0
D/712,S/159,Eric,Weiss,female,2017443,25612.0
D/905,S/160,Jonathan,Zamora,male,3483814,42434.0
D/603,S/161,Christopher,Greene,male,2668332,45816.0
D/814,S/162,Charles,Jackson,male,2002021,22404.0
D/240,S/163,Jerry,Thomas,male,6571655,
D/142,S/164,Brooke,Wagner,male,1963581,53903.0
D/668,S/165,Nathan,Reynolds,female,3266084,
D/254,S/166,Patricia,Andrews,male,6921402,
D/449,S/167,Jerry,Johnson,male,649815,
D/262,S/168,Barbara,Hall,female,694206,42277.0
D/899,S/169,William,Guzman,male,4678966,
D/306,S/170,Katherine,Mullen,male,5685141,55808.0
D/519,S/171,Jennifer,Gonzalez,female,2297443,38926.0
D/792,S/172,Jose,Rice,female,439951,
D/652,S/173,Thomas,Schmidt,male,4126171,
D/692,S/174,Harold,Simon,male,6534330,56421.0
D/294,S/175,Melissa,Brown,female,3619697,26151.0
D/618,S/176,Cody,Morris,female,4305301,
D/362,S/177,Ashley,Nelson,female,4900596,
D/918,S/178,Candice,Gomez,male,6858838,56515.0
D/461,S/179,Cynthia,Washington,male,6141297,
D/550,S/180,Zachary,White,female,6986788,30380.0
D/405,S/181,Mary,Fleming,male,4233185,
D/775,S/182,Matthew,Esparza,male,816260,56637.0
D/585,S/183,Mary,Rivera,male,6205584,35199.0
D/202,S/184,Mary,Jackson,female,1298301,
D/266,S/185,Hannah,Monroe,male,4196167,32880.0
D/235,S/186,Mitchell,Burton,female,716544,
D/341,S/187,Sarah,Nichols,male,1872888,
D/593,S/188,Anthony,Martinez,female,5931072,56121.0
D/633,S/189,Beverly,Ward,female,2743717,
D/476,S/190,Christopher,Rivera,female,4114853,44734.0
D/531,S/191,Alex,Watts,male,3954659,59361.0
D/424,S/192,Pamela,Mcgrath,male,5412770,39731.0
D/203,S/193,Krystal,Andrade,female,1404321,31643.0
D/959,S/194,Michael,Jackson,female,5013987,39899.0
D/736,S/195,Christopher,Miles,male,6179030,48262.0
D/472,S/196,Nicholas,Wagner,male,4578170,26523.0
D/740,S/197,Sandra,Moore,male,1841080,35694.0
D/924,S/198,Benjamin,Kennedy,female,5658651,
D/758,S/199,Kenneth,Taylor,male,4125704,44786.0
D/840,S/200,Matthew,Alexander,female,4857183,20210.0
D/618,S/201,William,Johnson,female,1835607,49058.0
D/285,S/202,Chelsea,Romero,female,3020285,
D/211,S/203,Jade,Rodriguez,female,5070200,25138.0
D/722,S/204,Caroline,Ayers,male,3406524,30062.0
D/644,S/205,Betty,Hernandez,female,2873646,35926.0
D/644,S/206,Michael,Alvarez,female,1353178,39244.0
D/753,S/207,Christina,Martin,male,5791839,58452.0
D/137,S/208,Douglas,Hill,male,2274534,
D/425,S/209,Lauren,Sanchez,female,6380312,
D/873,S/210,Randy,Boyd,female,6430260,57165.0
D/508,S/211,Christopher,Carpenter,male,979431,
D/956,S/212,Brandon,Daniels,female,1646331,
D/985,S/213,Kimberly,Mcdonald,female,3636117,31903.0
D/621,S/214,Tim,Mcconnell,female,792561,
D/349,S/215,Alexander,Hall,female,2576330,
D/816,S/216,Yesenia,Griffin,female,4145260,29585.0
D/858,S/217,Justin,Hood,male,6758839,20124.0
D/196,S/218,Sherry,Day,female,2740230,
D/104,S/219,John,Robinson,female,6181230,
D/452,S/220,James,Contreras,male,3379863,
D/402,S/221,Theresa,Wright,male,6255059,
D/383,S/222,Sara,Howard,female,4100001,50711.0
D/409,S/223,Jacqueline,Skinner,female,6968508,
D/545,S/224,Dennis,Hansen,male,5199281,
D/483,S/225,Michael,Warren,female,1464704,46415.0
D/581,S/226,Lawrence,Moore,male,5029876,
D/928,S/227,Amanda,Nelson,female,2186524,23458.0
D/602,S/228,Marco,Henson,female,2253894,50887.0
D/913,S/229,Jacqueline,Stewart,male,574235,48551.0
D/773,S/230,Brian,Murphy,male,4439840,
D/553,S/231,Kyle,Patton,male,2390992,38626.0
D/746,S/232,Sharon,Thompson,male,2872235,23774.0
D/701,S/233,Michael,Rodriguez,male,2896195,28033.0
D/944,S/234,Stephanie,Ortega,female,4638795,
D/185,S/235,Christie,Walker,male,4453469,
D/422,S/236,Allison,Cummings,female,3199688,29765.0
D/379,S/237,Darren,Ramirez,male,5437119,
D/074,S/238,Zachary,Lewis,female,2397381,
D/504,S/239,Breanna,Welch,female,5829643,
D/380,S/240,Tracy,Hill,male,2310493,
D/399,S/241,Christopher,Gallegos,male,2672479,48681.0
D/913,S/242,Peter,Zhang,male,463557,51383.0
D/065,S/243,April,Johnson,female,4305483,38208.0
D/568,S/244,Donald,Warner,male,6462461,47223.0
D/208,S/245,Christopher,Richard,male,6604802,28452.0
D/144,S/246,Michael,Harris,female,1421016,
D/214,S/247,Joseph,Taylor,female,1146020,
D/705,S/248,Sabrina,Griffin,female,5002683,24754.0
D/626,S/249,Chelsea,Brown,female,699173,
D/027,S/250,Darren,Brown,male,5746923,
D/476,S/251,Kathryn,Lewis,male,5503595,59359.0
D/098,S/252,Ryan,Mueller,male,6481706,24191.0
D/606,S/253,Robert,Harris,female,903625,27869.0
D/890,S/254,Heather,Conner,female,4803394,
D/436,S/255,Benjamin,Dean,female,2644823,42863.0
D/206,S/256,Sandra,Johnson,male,6052551,50105.0
D/020,S/257,Susan,Wright,male,5688184,42221.0
D/724,S/258,Brandon,Nunez,female,5401590,
D/739,S/259,Jack,Campos,female,2906010,32046.0
D/575,S/260,Kristen,Roberts,male,1356201,40210.0
D/623,S/261,Mark,Richardson,female,3103975,26381.0
D/692,S/262,Gene,Novak,male,5200096,
D/052,S/263,Jordan,Phillips,male,5736991,56474.0
D/378,S/264,Lori,Key,female,1382428,
D/441,S/265,Diana,Lester,female,5349175,
D/290,S/266,Amanda,Mitchell,male,4722680,48949.0
D/326,S/267,Jacob,Martin,female,3407402,
D/653,S/268,Jessica,Young,female,1397981,35401.0
D/079,S/269,Alison,Cole,male,1344118,
D/564,S/270,Dakota,Taylor,male,2833156,
D/745,S/271,Carol,Stephenson,male,1474495,
D/219,S/272,Pamela,Kirby,male,967866,21484.0
D/213,S/273,Mark,Martinez,female,626271,
D/259,S/274,Stephen,Lewis,female,5074976,
D/156,S/275,Maria,Robinson,female,5870117,
D/030,S/276,David,Callahan,male,5444620,
D/564,S/277,Frank,Miller,male,5918787,
D/129,S/278,Robert,Smith,male,4652759,38161.0
D/082,S/279,George,Young,male,1744794,
D/273,S/280,Emily,Harper,female,1729565,
D/119,S/281,Emily,Sullivan,female,6797700,
D/198,S/282,Adam,Terry,female,6344984,55361.0
D/857,S/283,Tamara,Lewis,female,6499911,54905.0
D/1000,S/284,Sean,Rodriguez,female,6580662,35633.0
D/280,S/285,Jennifer,Morgan,female,1704710,
D/792,S/286,Brianna,Gross,male,2242594,23001.0
D/301,S/287,Elizabeth,Liu,female,1226981,
D/413,S/288,Jeremy,Ramos,male,2501957,37445.0
D/294,S/289,Katherine,Lewis,male,3458756,36091.0
D/555,S/290,Brian,Maxwell,male,5042616,33193.0
D/540,S/291,Thomas,Gutierrez,female,1250878,
D/867,S/292,Johnny,Valdez,male,4692582,
D/229,S/293,Christopher,Patel,male,2023075,
D/765,S/294,Brooke,Baldwin,female,1274355,
D/012,S/295,Cynthia,Rich,male,3299097,34486.0
D/284,S/296,Aaron,Allen,female,5424986,
D/962,S/297,Amanda,Foley,male,6803302,55145.0
D/049,S/298,Lori,Wilkinson,female,5012926,
D/814,S/299,Randy,Walls,male,4964361,27260.0
D/643,S/300,Erik,White,female,5252458,58312.0
D/518,S/301,Paul,Johnson,male,3785869,21567.0
D/238,S/302,Barbara,Rose,female,1883430,51569.0
D/233,S/303,Mark,Garcia,female,2743313,20946.0
D/170,S/304,Amber,Munoz,female,1792690,56220.0
D/184,S/305,Brett,Barnett,female,3909489,
D/961,S/306,Erin,Baker,male,2885474,43688.0
D/645,S/307,Kristin,Robertson,male,2620991,
D/164,S/308,James,Wilson,male,2221390,
D/680,S/309,Nathan,Gomez,female,4617673,
D/099,S/310,Tara,Crane,male,1651793,43159.0
D/449,S/311,Kevin,Davis,female,667215,56748.0
D/181,S/312,Erik,Saunders,female,2181545,20983.0
D/012,S/313,Wanda,Santiago,female,610927,
D/907,S/314,Angela,Barker,male,4257506,
D/867,S/315,Emily,Lopez,male,1255309,
D/599,S/316,Tonya,Ramos,male,4377769,
D/125,S/317,Jackson,Haynes,male,2468693,
D/893,S/318,Valerie,Kelly,female,3226846,27449.0
D/440,S/319,Nicholas,Maldonado,female,1816443,28238.0
D/996,S/320,Cindy,Cochran,male,903538,41212.0
D/345,S/321,Barbara,Hall,female,4186677,
D/356,S/322,Gerald,Foster,female,6895458,22873.0
D/927,S/323,Mary,Williams,female,4941233,39784.0
D/516,S/324,Kaitlin,Watson,female,5796543,
D/800,S/325,David,White,male,5124276,
D/1000,S/326,Andrea,Williams,female,1125159,
D/380,S/327,Tina,Singh,female,3313231,
D/576,S/328,Evelyn,Chapman,female,5985772,
D/761,S/329,Eduardo,Jones,female,5984763,35745.0
D/242,S/330,Christian,Smith,male,2880659,24371.0
D/411,S/331,Gregory,Hicks,female,2066472,
D/946,S/332,Amy,James,male,5817745,
D/385,S/333,Melvin,Kirk,female,5308015,52057.0
D/457,S/334,Anthony,Graham,female,1307220,
D/970,S/335,Kimberly,Potts,male,4698301,59154.0
D/509,S/336,Sara,Buck,female,5177570,25278.0
D/261,S/337,Molly,Sexton,female,2389743,44621.0
D/810,S/338,Kelly,Knight,female,3813980,
D/479,S/339,Matthew,Snyder,male,4494499,
D/094,S/340,Anthony,Jefferson,female,5947186,
D/585,S/341,Karen,Ritter,male,1152346,
D/612,S/342,Steven,Montgomery,male,997005,29769.0
D/576,S/343,Valerie,Lawson,male,1294128,
D/611,S/344,Amy,Velez,male,2674429,
D/447,S/345,Daniel,Rivera,female,5139041,
D/060,S/346,Maria,Sanchez,female,4575726,32991.0
D/400,S/347,Nicole,Reed,male,4085150,
D/731,S/348,Melissa,Benson,male,6448006,
D/953,S/349,David,Long,female,4432496,28684.0
D/416,S/350,Sheila,Hale,female,806802,
D/774,S/351,Carrie,Lee,male,4924375,45053.0
D/214,S/352,Amy,Rios,male,809521,
D/408,S/353,Rachael,Moore,male,2164519,41321.0
D/108,S/354,Loretta,Russo,female,6726269,
D/483,S/355,Brittany,Bailey,female,6672319,
D/915,S/356,Patricia,Thomas,female,6212170,26529.0
D/042,S/357,Rachel,Jones,male,801732,37334.0
D/937,S/358,Michael,Barry,female,3680870,
D/502,S/359,Preston,Ward,male,4634838,
D/756,S/360,Brandy,Roberson,female,2917608,42938.0
D/193,S/361,Robert,Sexton,female,3625968,
D/779,S/362,Jennifer,Suarez,male,2797949,
D/198,S/363,Abigail,Reynolds,male,5497856,30800.0
D/599,S/364,Jennifer,Bailey,male,3332362,51304.0
D/652,S/365,Randy,Mccoy,male,2652817,
D/773,S/366,Luis,Hodges,female,2242225,24469.0
D/160,S/367,Mark,Thomas,male,6700328,23436.0
D/913,S/368,Seth,Clark,female,1277308,43294.0
D/890,S/369,Michael,Madden,female,2606358,
D/782,S/370,Ann,Waller,female,4712896,
D/674,S/371,Rhonda,Oconnor,male,4827301,54746.0
D/928,S/372,Willie,Stout,female,3591319,
D/368,S/373,Amy,Michael,male,5441376,38986.0
D/957,S/374,Henry,Black,female,5253747,25676.0
D/576,S/375,Raymond,Glenn,female,5171080,49637.0
D/596,S/376,Tiffany,Wallace,female,1055453,29948.0
D/741,S/377,Carl,Holland,male,2651192,
D/287,S/378,Tammy,Gray,male,5154298,
D/917,S/379,Hector,Kelly,male,4020613,
D/354,S/380,Kristen,Casey,male,3246194,
D/811,S/381,Destiny,Wise,male,6978086,
D/770,S/382,Steven,Russell,female,2336236,22523.0
D/006,S/383,Bryce,Smith,female,5215794,27785.0
D/422,S/384,Ann,Brown,male,4463994,
D/750,S/385,Luis,Bennett,male,5211760,
D/114,S/386,Jeff,King,male,6127099,
D/851,S/387,Joseph,Scott,female,5774967,
D/005,S/388,Adam,Small,male,2115157,
D/136,S/389,Juan,Owens,male,1907863,
D/570,S/390,Michael,Wood,male,1013696,53406.0
D/121,S/391,Steven,Rivas,female,4592285,54524.0
D/159,S/392,Mark,Hall,female,4376841,
D/071,S/393,Troy,Taylor,female,2860744,57564.0
D/954,S/394,Joseph,Wheeler,female,1495753,
D/472,S/395,Charles,Davis,female,2510249,25683.0
D/917,S/396,Jason,Zavala,female,2381494,32953.0
D/731,S/397,Jose,Daniel,female,2473233,26380.0
D/329,S/398,John,Brown,female,3676134,31901.0
D/619,S/399,Felicia,Berg,male,3871075,31218.0
D/783,S/400,Lisa,Chung,female,4857427,45294.0
D/473,S/401,Casey,Green,male,6548910,
D/271,S/402,Scott,Wood,female,2961648,
D/111,S/403,Jacqueline,Scott,male,5159513,41313.0
D/140,S/404,Daniel,Gonzalez,female,1878189,49054.0
D/408,S/405,Kristen,Zavala,male,959928,
D/988,S/406,Kelsey,Krause,male,5367308,30420.0
D/650,S/407,Dustin,Anderson,male,722905,27838.0
D/586,S/408,Amanda,Padilla,male,3941988,
D/662,S/409,Aaron,Mcintyre,male,3796360,
D/039,S/410,Diane,Cervantes,male,933914,46920.0
D/464,S/411,Caitlin,Hawkins,female,5074585,
D/427,S/412,Julie,White,male,6776952,
D/375,S/413,Seth,Wilkerson,female,5543516,30466.0
D/955,S/414,Christopher,Griffith,male,609655,22059.0
D/359,S/415,Kristin,Rich,male,811697,55744.0
D/414,S/416,Roger,Nicholson,female,5577681,
D/597,S/417,Ross,Cooke,female,556284,
D/085,S/418,Sharon,Martinez,female,5156731,51941.0
D/864,S/419,Natalie,Roth,female,5637678,43315.0
D/751,S/420,David,Erickson,female,4443438,33923.0
D/862,S/421,Patricia,Huff,female,2478529,55901.0
D/032,S/422,Spencer,Soto,male,841590,
D/375,S/423,Julie,Hansen,female,6380332,32729.0
D/163,S/424,Brian,Hall,male,4854156,23690.0
D/204,S/425,Jackie,Hill,male,6681231,
D/869,S/426,Richard,George,female,4514552,
D/337,S/427,Shannon,Schaefer,male,2738841,
D/070,S/428,Christine,Hartman,female,608026,42841.0
D/589,S/429,Dennis,Lowery,male,4274768,
D/138,S/430,Justin,Good,female,5326920,
D/763,S/431,Jorge,Blackburn,female,6454112,22182.0
D/320,S/432,Jorge,Velazquez,male,3606593,
D/292,S/433,Nathaniel,Owen,male,5936257,57183.0
D/165,S/434,Cassandra,Smith,male,3928893,41705.0
D/985,S/435,Kimberly,Smith,male,6517957,59674.0
D/635,S/436,Damon,Pugh,male,6770469,
D/341,S/437,John,Olson,female,1174235,
D/133,S/438,Tammy,Jones,female,4674989,
D/658,S/439,Laura,Vasquez,male,3725674,
D/984,S/440,Lucas,Jackson,male,1734409,29491.0
D/418,S/441,Sara,Potter,male,4687383,41740.0
D/633,S/442,Brandon,Murillo,female,6970195,36413.0
D/461,S/443,Alyssa,Foster,male,1720052,
D/895,S/444,Andrew,Perez,female,3823332,
D/159,S/445,Pamela,Lowery,male,6422180,59361.0
D/668,S/446,Jeffrey,Higgins,male,1151300,
D/966,S/447,Jerry,Taylor,male,6660193,
D/258,S/448,Nicole,Robbins,female,3316873,22504.0
D/408,S/449,Brandon,Peterson,female,6277200,
D/443,S/450,Lori,Roberts,male,1848270,47100.0
D/064,S/451,Rachel,Ramsey,female,6368706,
D/649,S/452,Rebecca,White,male,5240607,20276.0
D/042,S/453,Cassandra,Johnson,female,3575034,
D/352,S/454,Jeffrey,Bush,male,689197,29011.0
D/078,S/455,Mark,Cameron,female,6437826,37895.0
D/784,S/456,Sarah,Deleon,male,706226,50743.0
D/278,S/457,David,Kelley,female,2101846,51796.0
D/961,S/458,Laura,King,female,6668048,
D/946,S/459,Todd,Hopkins,female,2411723,51446.0
D/684,S/460,Rebecca,Landry,female,3824366,58366.0
D/857,S/461,Randall,Taylor,female,4934865,39988.0
D/789,S/462,Ashley,Hughes,male,5650564,
D/334,S/463,Larry,Robinson,male,3881175,53270.0
D/322,S/464,Aaron,Wood,male,6450645,29904.0
D/766,S/465,Derek,Knapp,female,4262659,
D/983,S/466,Aaron,Leach,male,3867196,34496.0
D/249,S/467,Gerald,Hopkins,male,6671518,42602.0
D/510,S/468,Kristin,Gonzales,female,1353830,
D/461,S/469,Stephanie,Dean,male,6069910,39808.0
D/414,S/470,David,Valencia,female,6981029,
D/186,S/471,Jason,Wolf,male,1218613,23792.0
D/459,S/472,Justin,Schneider,male,6642846,39843.0
D/225,S/473,Erin,Boyd,female,5481927,
D/652,S/474,Chad,Bradford,female,6428360,32070.0
D/968,S/475,Veronica,Huff,female,3849702,21187.0
D/272,S/476,Jean,Gonzalez,male,5518167,
D/532,S/477,Jose,Reynolds,female,4011514,
D/293,S/478,James,Obrien,male,747770,22009.0
D/342,S/479,Victoria,Wright,female,1271352,
D/359,S/480,Leslie,Patterson,male,750978,
D/408,S/481,Jeremy,Webster,female,1634110,
D/315,S/482,John,Avila,female,2111558,
D/168,S/483,Samantha,Williams,male,1410335,56942.0
D/303,S/484,Willie,Reynolds,male,5258304,45374.0
D/632,S/485,Gregory,Collins,female,761761,
D/708,S/486,Jessica,Lewis,male,6418320,
D/460,S/487,Zachary,Bright,female,5478596,
D/772,S/488,Brandon,Gonzalez,male,6346318,
D/065,S/489,Travis,Jones,female,3731819,29222.0
D/791,S/490,Aaron,Mathews,male,6663874,39626.0
D/382,S/491,Adam,Stewart,male,1010952,
D/350,S/492,Madeline,Adkins,female,3292513,
D/085,S/493,Michele,Sanchez,female,6738130,40727.0
D/008,S/494,Tanner,Nelson,male,4770244,
D/839,S/495,Christina,Ayers,female,5677809,
D/528,S/496,Jose,Stein,male,5622506,
D/741,S/497,Alexis,Elliott,female,5965889,
D/820,S/498,Marco,Strickland,female,6262935,
D/445,S/499,Rachel,Clark,female,6250500,55169.0
D/828,S/500,Adam,Hernandez,female,5075091,33564.0
D/603,S/501,Derek,Robinson,male,6590552,
D/192,S/502,Laurie,Chavez,male,2565814,56211.0
D/368,S/503,Emily,Cook,female,920666,
D/799,S/504,Lisa,Baker,male,4861926,41845.0
D/779,S/505,Chad,Henderson,female,4707598,53695.0
D/463,S/506,Kenneth,Peters,male,6983756,
D/953,S/507,Stephanie,Smith,male,4245017,45528.0
D/548,S/508,Ashley,Michael,male,2194169,36153.0
D/830,S/509,Jonathan,Gordon,female,1898423,56743.0
D/241,S/510,Laura,Hughes,male,1194538,
D/897,S/511,Teresa,Moore,male,3408419,
D/864,S/512,Juan,Harris,male,1049754,31698.0
D/786,S/513,James,Burns,male,2271453,
D/250,S/514,David,Perez,male,6890679,
D/935,S/515,Michael,Lewis,female,6598226,
D/198,S/516,Brian,Pollard,female,956519,39318.0
D/288,S/517,Jeremiah,Weeks,male,3003761,
D/202,S/518,Theresa,Snow,female,6509616,
D/930,S/519,Danny,Elliott,male,5882625,53171.0
D/127,S/520,Jason,Diaz,female,4590589,
D/118,S/521,Brian,Munoz,male,4429602,
D/895,S/522,Jacqueline,Haynes,female,5656654,
D/559,S/523,Rebecca,Tran,female,4830784,
D/359,S/524,Mary,Hernandez,male,2603273,21619.0
D/663,S/525,James,Perry,male,3395146,
D/872,S/526,Spencer,Herman,female,2019172,50331.0
D/724,S/527,Marcia,Johnson,female,1939651,
D/791,S/528,Thomas,Patterson,female,6703675,55686.0
D/582,S/529,Brian,Perez,male,3634757,
D/969,S/530,Mitchell,Jimenez,male,4199132,
D/095,S/531,Keith,Levy,female,4298280,31635.0
D/084,S/532,Matthew,Mckenzie,female,725433,
D/290,S/533,Heidi,Wright,male,2230256,
D/424,S/534,Chase,Morris,female,2505515,
D/745,S/535,Bernard,Gonzalez,male,661770,46681.0
D/780,S/536,Jessica,Williams,male,6814259,58273.0
D/497,S/537,Erica,Green,female,4980344,37747.0
D/852,S/538,Elizabeth,Jackson,female,2842132,
D/805,S/539,Christine,Davis,female,4016710,
D/314,S/540,Angel,Houston,male,4657770,
D/590,S/541,Angel,Jones,male,4755206,38589.0
D/873,S/542,Todd,Price,male,6231710,
D/500,S/543,Dalton,Bowen,female,459282,
D/138,S/544,Mary,Norris,male,5717852,42462.0
D/554,S/545,Morgan,Holden,female,834612,
D/652,S/546,Kathleen,Stevens,female,527909,49294.0
D/576,S/547,Amy,Walton,female,4312227,
D/303,S/548,Lisa,Perry,female,5998851,38555.0
D/769,S/549,Stacy,Butler,male,3597660,
D/922,S/550,Mark,Moody,female,4875006,36401.0
D/574,S/551,Tina,Gray,male,3342789,55784.0
D/562,S/552,Trevor,Stuart,female,2245619,
D/755,S/553,Jennifer,Bridges,male,5143310,23724.0
D/035,S/554,Andrea,Johnson,male,2394790,50260.0
D/937,S/555,Stephanie,Riley,female,6843935,
D/755,S/556,Monique,Washington,male,2248054,
D/391,S/557,Robert,Carroll,male,5517516,36076.0
D/342,S/558,Tina,Johnson,female,1787764,59377.0
D/419,S/559,Teresa,Webb,male,5454818,26748.0
D/805,S/560,Andrew,Rasmussen,male,1316397,53530.0
D/534,S/561,Juan,Marsh,female,3523014,47299.0
D/853,S/562,Michelle,Rosales,female,975778,32093.0
D/484,S/563,Robin,Hamilton,male,1566644,
D/955,S/564,Daniel,Terry,female,6089897,
D/062,S/565,Holly,Joyce,female,6426035,
D/951,S/566,Raven,Anderson,male,2903969,
D/589,S/567,Brian,Stephens,female,6763762,36593.0
D/211,S/568,Andrew,Wagner,female,2934420,58143.0
D/256,S/569,Edwin,Escobar,male,759875,27579.0
D/882,S/570,Lauren,Miller,female,6778671,48447.0
D/124,S/571,Elizabeth,Butler,female,2023389,
D/057,S/572,Rebekah,Brown,female,3287339,
D/569,S/573,Ray,Woods,female,4404163,59394.0
D/150,S/574,Erin,Johnson,female,3065031,53391.0
D/974,S/575,Lucas,Li,female,3371634,
D/637,S/576,Donna,Alvarez,male,6625952,
D/708,S/577,Thomas,Long,female,614254,
D/942,S/578,Jasmine,Bartlett,female,4710481,
D/851,S/579,Erika,Barton,male,5971136,
D/316,S/580,Nicole,Calderon,female,4481064,
D/516,S/581,Michael,Allen,female,1102377,
D/230,S/582,Lisa,Sanchez,female,5116635,
D/958,S/583,Michael,Davis,female,6956330,
D/076,S/584,Charles,Price,female,1877999,
D/943,S/585,Sarah,Robles,female,5873180,47894.0
D/128,S/586,Tonya,Ballard,female,3933116,20934.0
D/432,S/587,William,Brooks,male,528892,48306.0
D/259,S/588,Mark,Ferguson,female,3562517,
D/495,S/589,Jamie,Johnson,female,1186435,36657.0
D/289,S/590,Amber,Gray,male,1057887,23307.0
D/642,S/591,Ashley,Cummings,male,3087507,
D/973,S/592,Nicole,Silva,female,6829305,
D/507,S/593,Heather,Crawford,female,6600335,38122.0
D/337,S/594,David,Clark,female,2500733,49335.0
D/663,S/595,Albert,Stanton,female,4548246,59334.0
D/924,S/596,Thomas,Richardson,male,5863244,48982.0
D/764,S/597,Kerri,Cobb,male,1352224,25887.0
D/001,S/598,Rachel,Miller,male,3539302,
D/630,S/599,Allison,Smith,female,3110421,36137.0
D/482,S/600,Benjamin,Leach,female,4461965,
D/533,S/601,John,Mason,female,6460055,24993.0
D/071,S/602,Tammy,Moore,female,5251537,
D/674,S/603,Jessica,Dean,female,6104170,
D/426,S/604,Travis,Casey,female,4254429,
D/677,S/605,Christopher,Riley,female,4452079,48023.0
D/567,S/606,Jennifer,Carney,male,3722079,36130.0
D/351,S/607,Denise,Waller,female,1818630,
D/383,S/608,Ray,Smith,female,4016605,
D/857,S/609,Taylor,Myers,male,625732,
D/436,S/610,Donald,Pope,male,3576211,41789.0
D/940,S/611,Christian,Anderson,female,2903984,
D/142,S/612,Joel,Briggs,female,5757931,35050.0
D/473,S/613,William,Jennings,female,834486,
D/275,S/614,Molly,Bolton,female,1715178,24444.0
D/170,S/615,Michael,Pineda,female,4502120,28413.0
D/996,S/616,Alexandra,Harper,female,2111539,59835.0
D/323,S/617,Miguel,Barrera,male,2867673,
D/494,S/618,Jodi,Garcia,female,3234969,
D/948,S/619,Patrick,Diaz,female,3962864,
D/406,S/620,Stacey,Wilson,male,2413027,58605.0
D/340,S/621,Jennifer,Harmon,male,5191657,59734.0
D/618,S/622,Kenneth,Walker,female,4762859,
D/619,S/623,Justin,Johnson,male,4635613,
D/706,S/624,Stephen,Garcia,male,5392006,23574.0
D/981,S/625,Jacqueline,Solis,male,1461156,
D/041,S/626,Jeffrey,Norton,male,6946744,50595.0
D/981,S/627,Brenda,Young,female,3574302,46091.0
D/261,S/628,Maurice,Ruiz,male,1008521,
D/354,S/629,Richard,Downs,male,506798,
D/599,S/630,Sarah,Huber,female,1359799,
D/154,S/631,Cheryl,Robles,female,5434012,
D/953,S/632,Jenna,Ramirez,female,2150210,
D/653,S/633,Brian,Allen,female,5148992,34056.0
D/446,S/634,William,Li,male,4754129,53366.0
D/161,S/635,Tanya,Jennings,female,6500372,28177.0
D/167,S/636,David,Gonzalez,female,3823569,22942.0
D/835,S/637,Wesley,Kim,male,2466916,33142.0
D/862,S/638,Bradley,Quinn,male,1790629,
D/422,S/639,Christopher,Estrada,female,5893985,
D/091,S/640,Paige,Campbell,male,5094511,
D/389,S/641,Lauren,Montgomery,female,855209,35446.0
D/031,S/642,Ruth,Taylor,female,2732086,54343.0
D/481,S/643,Samuel,Brown,male,4352836,
D/619,S/644,Matthew,Martinez,male,4517758,38323.0
D/419,S/645,Daniel,Stevens,female,494423,
D/431,S/646,William,Bell,male,3875562,59095.0
D/530,S/647,Jessica,Johnson,male,6138716,
D/924,S/648,Donna,Campbell,male,2367378,46286.0
D/151,S/649,Mark,Cooper,male,908985,53438.0
D/828,S/650,Richard,Booth,female,5412050,43277.0
D/833,S/651,Benjamin,Johnson,male,4190318,51026.0
D/046,S/652,Stephanie,Ochoa,male,2384713,
D/316,S/653,Natasha,Vasquez,female,4842963,28009.0
D/416,S/654,John,Cain,male,437919,54127.0
D/548,S/655,Joseph,Gallagher,male,2058578,53352.0
D/215,S/656,Cynthia,West,male,5807470,
D/140,S/657,Christina,Fischer,male,4814569,48770.0
D/786,S/658,Allison,Mitchell,female,6644246,
D/257,S/659,Jessica,Rodriguez,male,1595880,
D/286,S/660,Lauren,Chavez,male,1941858,
D/994,S/661,James,Bennett,male,605829,45269.0
D/395,S/662,Mark,Morris,male,6737555,
D/250,S/663,Natalie,Mcgee,female,6251474,57193.0
D/021,S/664,Rachel,Garcia,female,3932903,
D/871,S/665,Jerry,Ruiz,female,3773557,31687.0
D/702,S/666,Destiny,Jensen,male,5806723,
D/343,S/667,Jennifer,Bell,male,3167481,30402.0
D/534,S/668,Melissa,Lee,female,5352035,50461.0
D/882,S/669,Evan,Johnson,male,656424,37462.0
D/679,S/670,Dawn,White,female,4112359,
D/484,S/671,Michael,Vega,female,4325838,
D/083,S/672,Veronica,Mathis,male,4243677,55490.0
D/232,S/673,Cody,Sullivan,female,1478429,31703.0
D/747,S/674,Jennifer,Coleman,male,1955355,56944.0
D/920,S/675,William,Santiago,male,3014067,40570.0
D/324,S/676,James,Mckinney,female,4204654,32252.0
D/996,S/677,Anthony,Smith,female,3948739,
D/254,S/678,Amy,Barrett,male,1827372,52703.0
D/900,S/679,William,Miller,female,506763,
D/424,S/680,Oscar,Freeman,male,5575317,
D/197,S/681,Charles,Gutierrez,male,6073921,22294.0
D/315,S/682,Jessica,Choi,female,960627,
D/090,S/683,Catherine,Davis,female,6245969,53321.0
D/790,S/684,Michael,Hickman,male,3103556,
D/883,S/685,Grace,Russell,male,448393,32054.0
D/399,S/686,Aaron,David,female,2184610,
D/076,S/687,Kimberly,Lin,male,2302257,
D/279,S/688,Crystal,Perez,female,1929865,28451.0
D/089,S/689,Joshua,Powers,male,3221809,
D/255,S/690,Peggy,Young,female,1825627,
D/401,S/691,Nathan,Adams,male,1980745,31058.0
D/001,S/692,Robert,Mckinney,male,5852797,57913.0
D/350,S/693,Robert,White,male,3017017,34436.0
D/198,S/694,Kristina,Mason,male,2385794,
D/022,S/695,Trevor,Oconnor,female,4063461,37538.0
D/382,S/696,James,Zavala,male,1232390,
D/495,S/697,Kathryn,Wade,female,4297869,
D/428,S/698,David,Jacobson,female,2340657,22563.0
D/588,S/699,David,Cannon,female,4506826,56454.0
D/949,S/700,Terrence,Kane,male,3321328,
D/156,S/701,Duane,Taylor,female,1590898,
D/570,S/702,James,Ray,male,6632959,24511.0
D/390,S/703,Randall,Olson,male,1551303,33826.0
D/472,S/704,John,Daniels,male,2787179,
D/107,S/705,Teresa,Salazar,male,430860,
D/012,S/706,Miranda,Mccarthy,female,1853890,43763.0
D/129,S/707,Michael,Thomas,female,4277098,23228.0
D/562,S/708,Wayne,Castillo,male,6809609,53615.0
D/739,S/709,Rhonda,Hebert,female,6804648,46053.0
D/752,S/710,Joshua,Ramirez,male,5729964,
D/987,S/711,David,Henderson,male,1845718,33314.0
D/121,S/712,Chelsea,English,female,5659390,40429.0
D/842,S/713,Allen,Soto,female,3883064,43438.0
D/999,S/714,Cassandra,Fisher,female,5208148,50903.0
D/617,S/715,Selena,Molina,female,5520656,21092.0
D/186,S/716,Joseph,Ford,female,4648139,51088.0
D/679,S/717,Marc,Baker,female,1413193,23172.0
D/012,S/718,Benjamin,Colon,female,5945032,
D/049,S/719,Justin,Lamb,female,976426,
D/401,S/720,Linda,Reeves,male,1277918,48715.0
D/591,S/721,Janet,Tyler,male,425355,
D/185,S/722,Kayla,Peterson,female,839470,51122.0
D/116,S/723,Tiffany,Stanley,male,4947707,56455.0
D/914,S/724,Allen,Wood,female,4078600,
D/198,S/725,James,Morris,male,5680229,28046.0
D/222,S/726,Christopher,Moreno,female,3048791,23109.0
D/848,S/727,Paula,Wells,male,2249649,
D/725,S/728,Donald,Lopez,female,3776820,
D/760,S/729,Elizabeth,Wilson,male,3062868,46426.0
D/975,S/730,Cory,James,male,5564937,
D/327,S/731,Nicole,Waters,male,4429405,43826.0
D/938,S/732,Sarah,Elliott,male,3112418,47855.0
D/059,S/733,Tammy,Roberts,female,439283,
D/498,S/734,Christopher,Brown,female,3735849,37196.0
D/612,S/735,Joseph,Maldonado,male,816723,40116.0
D/513,S/736,Angela,Russell,female,5922633,59418.0
D/512,S/737,Melissa,Zamora,female,1241025,
D/219,S/738,Jose,Humphrey,female,4407384,48987.0
D/565,S/739,Joyce,Hill,female,2415235,
D/699,S/740,George,Stark,male,5771617,29562.0
D/993,S/741,Jessica,White,male,2036376,
D/399,S/742,Julie,Mercer,female,1752815,31633.0
D/344,S/743,Jocelyn,Jordan,female,1822929,
D/074,S/744,Theresa,Ochoa,male,1663412,35760.0
D/735,S/745,Michelle,Blackburn,male,2420454,
D/600,S/746,Ashlee,Parker,female,5280712,
D/191,S/747,Rachel,Nelson,female,6025609,49860.0
D/018,S/748,Natalie,Fisher,female,6715199,25065.0
D/887,S/749,Donald,Garcia,male,4092492,55161.0
D/043,S/750,Jessica,Castillo,female,4527962,22837.0
D/773,S/751,Crystal,Velez,male,1878226,
D/348,S/752,Scott,Snow,female,6093588,
D/917,S/753,Jacob,Stephens,male,720717,
D/041,S/754,Shaun,Tucker,male,3942480,42957.0
D/791,S/755,Sara,Silva,male,6239255,
D/128,S/756,Tara,Smith,female,5618627,
D/120,S/757,Glen,Hicks,male,6521093,28288.0
D/162,S/758,Cheryl,Pope,female,3432931,53629.0
D/826,S/759,Christopher,Phillips,female,2228203,49418.0
D/298,S/760,Benjamin,Hill,male,6168588,
D/176,S/761,Teresa,Campos,male,6241450,
D/414,S/762,Brent,Barnett,male,3829687,
D/344,S/763,April,Ayala,female,6948112,
D/963,S/764,Jeffery,Miller,female,5129521,22687.0
D/398,S/765,Bryan,Cordova,male,2277555,58329.0
D/949,S/766,Austin,Lyons,female,3403957,
D/407,S/767,Selena,Sloan,male,3520314,
D/705,S/768,Mario,Gonzalez,male,2118966,25513.0
D/904,S/769,Melanie,Burton,male,1436643,46746.0
D/973,S/770,Stephen,Mccormick,male,3670969,33031.0
D/628,S/771,Eric,Benton,female,2861885,27615.0
D/669,S/772,Andrea,Parrish,male,4575359,52259.0
D/356,S/773,Meagan,Carr,male,3914589,35067.0
D/448,S/774,Ariel,Harvey,female,4714415,24486.0
D/396,S/775,Shelly,Jones,male,3387750,
D/418,S/776,David,Lee,male,5699766,39217.0
D/792,S/777,Jason,Day,female,2001138,
D/420,S/778,Christine,Castillo,female,1790822,
D/813,S/779,Caroline,Woodard,female,6458325,
D/305,S/780,Brandon,Strong,female,3402254,32821.0
D/131,S/781,Bryan,Clark,male,1902412,
D/857,S/782,Ashlee,Kidd,female,5089240,
D/213,S/783,Michael,Hancock,female,4575600,
D/659,S/784,Francisco,Case,male,709130,
D/378,S/785,April,Santos,female,4201983,32532.0
D/067,S/786,Kimberly,Shannon,male,6590530,23820.0
D/524,S/787,Thomas,Phillips,male,2971648,44431.0
D/155,S/788,Elizabeth,Sanchez,male,1255405,30640.0
D/368,S/789,Justin,Collins,male,1008951,28136.0
D/368,S/790,Angela,Murphy,female,3981593,28256.0
D/797,S/791,Jeremy,King,female,6284744,41560.0
D/564,S/792,Zachary,Ponce,male,459738,44309.0
D/892,S/793,Tom,Bennett,female,450161,
D/626,S/794,Laura,Newman,male,6802234,38804.0
D/409,S/795,Mike,Reese,male,2153732,46578.0
D/865,S/796,Daniel,Mitchell,male,6050225,59050.0
D/395,S/797,Deanna,Bailey,female,933093,
D/920,S/798,James,Fischer,male,3351393,24354.0
D/598,S/799,Kevin,Rodriguez,male,4748701,
D/406,S/800,Heather,Parrish,male,670924,
D/832,S/801,Elizabeth,Gray,male,2811896,43841.0
D/883,S/802,Lauren,King,male,4137540,
D/134,S/803,Johnny,Smith,male,622524,
D/228,S/804,Angela,Velasquez,male,3086407,25031.0
D/840,S/805,Samantha,Johnson,male,6669631,
D/476,S/806,Gerald,Jennings,male,5188143,
D/653,S/807,Raymond,Barrera,male,3473171,45277.0
D/526,S/808,Jill,Tran,male,5749368,
D/563,S/809,Christopher,Lin,female,3107637,34862.0
D/399,S/810,Brandon,Hernandez,male,4451210,30556.0
D/063,S/811,Paul,Kelly,female,3295958,45893.0
D/024,S/812,Joel,Vega,male,6290484,
D/413,S/813,Jeffrey,Henderson,female,6028173,46316.0
D/390,S/814,Ann,Mcgee,male,2707902,21839.0
D/391,S/815,Richard,Reyes,female,2273485,48627.0
D/620,S/816,Michael,Obrien,male,5715988,27641.0
D/914,S/817,Anthony,Miranda,female,3845332,32337.0
D/435,S/818,Brittany,Cross,male,2328159,25338.0
D/090,S/819,Richard,Blair,female,4866399,
D/826,S/820,Derek,Kelley,male,6594070,
D/693,S/821,Kristina,Blevins,female,2663084,
D/923,S/822,Tamara,Randolph,male,1254993,56729.0
D/053,S/823,Jessica,Lewis,female,462309,23225.0
D/552,S/824,Jacqueline,Webb,male,5773502,
D/335,S/825,Stacy,Hines,male,1290149,
D/703,S/826,Steven,Dixon,male,1803952,35148.0
D/950,S/827,Linda,Baldwin,male,3109545,32304.0
D/214,S/828,Rachel,Huff,male,1503507,
D/172,S/829,Mike,Dean,female,6198271,
D/444,S/830,Misty,Crawford,female,3055069,54652.0
D/286,S/831,Brenda,Hall,female,6270126,42002.0
D/132,S/832,Adam,Lopez,male,4829421,
D/823,S/833,Alexander,Walker,female,5873802,
D/889,S/834,Cory,Horton,male,5435755,
D/485,S/835,Kathleen,Schwartz,male,2320474,45924.0
D/599,S/836,Kathryn,Wright,male,6007229,34515.0
D/266,S/837,Lisa,Lucero,male,1331028,54293.0
D/969,S/838,Julie,Thomas,male,6444092,
D/061,S/839,Jeremy,Lopez,male,2357014,26849.0
D/300,S/840,Matthew,Powell,male,4535850,32906.0
D/739,S/841,Earl,Newton,female,4653807,58875.0
D/916,S/842,Rhonda,Gray,male,6142521,35931.0
D/119,S/843,Jonathan,Baker,female,5228473,36995.0
D/922,S/844,Anthony,Williams,male,5059483,48355.0
D/660,S/845,Mark,Lewis,male,2903480,37013.0
D/541,S/846,Mary,Hudson,male,6265040,
D/443,S/847,Andrew,Lee,female,6842099,
D/941,S/848,Tiffany,Santiago,female,561533,
D/623,S/849,Tracy,Warren,female,4853147,
D/876,S/850,Joseph,Davenport,female,6655419,32897.0
D/538,S/851,Brandon,Winters,female,3702229,43898.0
D/656,S/852,John,Hammond,female,1176028,36279.0
D/391,S/853,Brian,Freeman,female,2411677,21470.0
D/762,S/854,Rebecca,Nguyen,male,6586130,
D/277,S/855,Karen,Smith,female,1276154,
D/529,S/856,Eric,Davis,male,3461216,27399.0
D/501,S/857,John,Smith,male,5181379,
D/721,S/858,Arthur,Sullivan,male,463616,
D/791,S/859,Penny,Walker,male,1936305,
D/439,S/860,Tony,Adams,male,4780092,
D/988,S/861,Crystal,Graham,male,4036465,37638.0
D/600,S/862,Thomas,Tapia,female,4453206,
D/671,S/863,Joseph,Robinson,female,2029374,
D/906,S/864,Travis,Kaufman,female,2665358,58119.0
D/561,S/865,Jennifer,Flores,female,1104994,41980.0
D/890,S/866,Tara,Cain,female,6356724,34640.0
D/156,S/867,Lisa,Cox,male,1240938,57965.0
D/231,S/868,Ashley,Clay,male,3050824,45798.0
D/715,S/869,Jeremiah,Allen,male,1732866,55971.0
D/647,S/870,Amanda,Hansen,female,5522960,
D/490,S/871,Jennifer,Vasquez,male,2197846,46190.0
D/107,S/872,Robert,Hughes,female,3241302,38893.0
D/775,S/873,Brian,Horn,female,3502755,
D/836,S/874,James,Avila,female,3313762,
D/023,S/875,Nicholas,Hall,male,6491755,
D/124,S/876,Dennis,Jones,male,2401933,
D/861,S/877,Ashley,Day,male,4486157,
D/713,S/878,Michael,Stephens,male,2289998,30945.0
D/770,S/879,Zachary,Hunt,female,6536409,58043.0
D/489,S/880,Dave,Phillips,female,649104,25787.0
D/678,S/881,Cynthia,Ramirez,female,5412390,22815.0
D/396,S/882,Jacob,Dixon,male,2751274,24492.0
D/088,S/883,Randy,Beck,female,4154723,41955.0
D/510,S/884,Chris,Morales,male,2302367,
D/133,S/885,Thomas,White,female,2064698,
D/961,S/886,Stacey,Hernandez,female,4789674,
D/783,S/887,Anne,Ortega,male,6386478,38150.0
D/369,S/888,Brianna,Stanton,male,2424053,23915.0
D/171,S/889,Tammy,Preston,male,1156150,
D/308,S/890,Jay,Adams,male,4567443,36454.0
D/195,S/891,Beth,Park,male,4124699,36530.0
D/507,S/892,William,Montes,female,2815928,
D/904,S/893,Alexandria,Levy,male,1886433,
D/963,S/894,Nancy,Carlson,male,6722680,
D/435,S/895,Matthew,Walton,female,4547749,
D/249,S/896,Amanda,Mendez,female,5406092,
D/013,S/897,Teresa,Wilson,male,5265389,55328.0
D/026,S/898,Brandy,Gomez,male,4317735,37122.0
D/365,S/899,Adam,Nguyen,female,1810599,50572.0
D/851,S/900,Lisa,Gonzalez,female,6104813,55311.0
D/710,S/901,Christopher,Fletcher,female,4138234,
D/236,S/902,Heather,Garcia,male,6841426,39270.0
D/338,S/903,Christopher,Allison,male,6327674,25660.0
D/992,S/904,Christopher,Maxwell,male,695983,58465.0
D/931,S/905,Eric,Mclaughlin,male,1099895,
D/405,S/906,Marie,Smith,female,1721829,
D/904,S/907,Gavin,Pennington,male,6252691,45469.0
D/508,S/908,Rita,Buchanan,female,6795479,
D/800,S/909,Jill,Anthony,male,4672887,45596.0
D/052,S/910,John,Jones,female,3599580,40539.0
D/769,S/911,Matthew,Watson,female,5919181,46665.0
D/267,S/912,Timothy,Richardson,female,1627344,55496.0
D/753,S/913,Christine,Richards,female,2839854,
D/479,S/914,Keith,Wright,male,1468429,59240.0
D/536,S/915,Carlos,Crane,female,4499995,
D/470,S/916,Teresa,Meyer,female,6607387,
D/563,S/917,Kathleen,Taylor,male,3468106,26414.0
D/859,S/918,Zachary,Olson,male,3762748,22748.0
D/096,S/919,Leslie,Murray,male,757457,
D/700,S/920,Angela,Reyes,female,3504990,
D/228,S/921,Crystal,Hansen,male,6468183,49358.0
D/468,S/922,Carlos,Vance,female,3751139,21280.0
D/305,S/923,Lacey,Steele,male,4973217,
D/731,S/924,Amanda,Meza,male,4793594,
D/601,S/925,Eric,Murphy,male,6177231,
D/844,S/926,George,Coleman,male,6025219,49473.0
D/687,S/927,Lisa,Gibson,female,1625774,
D/120,S/928,Jennifer,Mclaughlin,male,3781992,59186.0
D/197,S/929,Tyler,Whitehead,male,1788653,
D/401,S/930,Nicholas,Olson,male,4421934,
D/259,S/931,Phillip,Parker,female,1856520,40199.0
D/515,S/932,Michael,Barton,male,2759834,35545.0
D/742,S/933,Allen,Robles,female,1157677,
D/056,S/934,Adam,Castillo,male,4343696,
D/886,S/935,Deborah,Gill,male,1574879,33471.0
D/481,S/936,Renee,Gutierrez,female,2768530,25967.0
D/730,S/937,Jason,Rodgers,male,3978225,
D/185,S/938,Mark,Smith,male,3186263,
D/648,S/939,Jesse,Roman,male,5051205,
D/520,S/940,Monica,Payne,male,2822098,31869.0
D/492,S/941,Stephen,Vasquez,male,6584874,32639.0
D/375,S/942,Cody,Jones,female,6895496,58987.0
D/012,S/943,Anthony,Pierce,female,6850287,39771.0
D/830,S/944,Diane,Harris,female,2842832,
D/578,S/945,Karen,Gaines,female,5596618,
D/250,S/946,Heather,Ware,male,6539809,
D/876,S/947,Brooke,Hernandez,female,3017134,40009.0
D/308,S/948,David,Sullivan,female,2753399,27493.0
D/349,S/949,Timothy,Holder,male,5508662,34644.0
D/004,S/950,Toni,Baker,female,6281385,43297.0
D/484,S/951,Mark,Greer,male,5904490,59395.0
D/027,S/952,Regina,Stewart,female,5595341,38453.0
D/217,S/953,James,Hill,male,3676676,
D/810,S/954,Joseph,Evans,male,5571551,55363.0
D/880,S/955,Peter,Lambert,male,5568561,
D/566,S/956,Justin,Mcdaniel,male,669154,
D/845,S/957,Shannon,Mcdonald,female,1683188,
D/294,S/958,Julia,Holt,female,2885705,44042.0
D/628,S/959,Kurt,Clark,female,2521131,
D/226,S/960,Catherine,Nicholson,male,2034878,25107.0
D/743,S/961,Nathan,Whitaker,female,1146696,
D/929,S/962,Jared,Foster,female,4426155,59264.0
D/362,S/963,Robert,Brady,male,1082167,31509.0
D/293,S/964,Jeffrey,Payne,male,3343964,58155.0
D/906,S/965,Susan,Escobar,female,6880387,31069.0
D/354,S/966,Andres,Howell,female,4849040,20163.0
D/183,S/967,Justin,Lambert,male,2943890,27852.0
D/377,S/968,Dominic,Garrison,male,3385299,
D/632,S/969,Justin,Christian,male,775415,
D/519,S/970,Sarah,Davis,male,1211445,31712.0
D/775,S/971,James,Schmidt,male,3585573,
D/224,S/972,Tami,Cox,female,1856059,
D/794,S/973,Alexandria,Rice,female,4377500,
D/311,S/974,Mindy,Green,female,5324974,40388.0
D/345,S/975,Elizabeth,Johnson,female,637150,22955.0
D/112,S/976,Ashley,Moore,female,1473554,
D/187,S/977,Eric,Rogers,female,4278561,
D/774,S/978,Gina,Matthews,female,4485275,55740.0
D/586,S/979,Martin,Moore,male,4027373,
D/959,S/980,Cody,Lopez,female,2246348,31230.0
D/482,S/981,Sue,Murphy,female,2849963,
D/171,S/982,John,Rose,female,6941403,46301.0
D/806,S/983,Robert,Khan,female,1871464,37793.0
D/919,S/984,Lisa,Hughes,male,1980637,38380.0
D/953,S/985,Jessica,Rogers,male,4565958,33438.0
D/967,S/986,Robin,Brown,male,1108856,22761.0
D/592,S/987,Danielle,Olson,male,3297039,
D/438,S/988,James,Villa,male,1831660,
D/392,S/989,Cole,Hale,male,4473643,
D/272,S/990,Kaitlin,Miller,male,6547812,
D/143,S/991,Carol,Pearson,male,6553703,
D/021,S/992,Vincent,Harrington,male,574804,41170.0
D/793,S/993,Jason,Henderson,female,4399501,
D/331,S/994,Amber,Thomas,male,1242756,
D/863,S/995,David,Flowers,female,1003225,
D/203,S/996,Jorge,Nguyen,male,3683416,
D/205,S/997,Brian,Smith,female,6949009,
D/034,S/998,Candace,Olson,male,2958129,
D/990,S/999,Joel,Black,male,5002871,
D/446,S/1000,Andrea,Thompson,male,4576106,
